ProductName,SATID,Mode,Level,Status,FailedQC,QCProcessingTime(sec),QC1Status,NumberLostline,QC2Status,ViewingAngleAlongTrack,ViewingAngleAcrossTrack,QC3Status,MissingFile,ErrorFile,QC4Status,NoDataPercentage,QC5Status,CloudCoverPercentage,QC6Status,UsedCPF,QC7Status,Mode,QC8Status,PointingError
TH_CAT_210301071226129_1_1M_PORTSAID_20210226,TH1/TH2S/TH2M (Constant: TH1),PAN/MS/PANSHARPEN (Metadata: Dataset_Source > Imaging_Mode),0 / 1A / 2A / 3 (Metadata: Data_Processing > PROCESSING_LEVEL),PASS / NOT PASS,"['QC1LostLine', 'QC6CPFcheck']",12.244,PASS / NOT PASS /ERROR,9999,PASS / NOT PASS,12.0,10.0,PASS / NOT PASS,"['METADATA.DIM', 'ICON.JPG', 'ERROR']","['PREVIEW.JPG', 'ERROR']",PASS / NOT PASS,"[10, 20, 8, 9999]",PASS,9999,PASS / NOT PASS,TH1_1234_5678.CPF (METADATA : Sensor_Calibration > Calibration > Calibration_Filename),PASS / NOT PASS,"[25, 48, 52, 15]",PASS,9999
TH1_20210122_042918_MS_1A_64088_Scene1_sipros,TH1,MS,1A,NOT PASS ,"['QC6CPFCheck', 'QC7Mode']",4.248,PASS,8,PASS,7.926944,0.947274,PASS,[],[],PASS,"[0.0, 0.0, 0.0, 0.0]",PASS,9999,NOT PASS ,THEOS_1_20190430_000000_20190502_000000.CPF,NOT PASS ,"[42, 44, 56, 107]",PASS,9999
TH1_20210122_042920_PAN_1A_64088_Scene1_sipros,TH1,PAN,1A,NOT PASS ,['QC6CPFCheck'],6.343,PASS,8,PASS,7.950207,0.956158,PASS,[],[],PASS,[0.0],PASS,9999,NOT PASS ,THEOS_1_20190430_000000_20190502_000000.CPF,PASS,[70],PASS,9999
TH1_20210122_042921_PAN_2A_64088_Scene1_sipros,TH1,PAN,2A,NOT PASS ,['QC6CPFCheck'],7.751,PASS,8,PASS,7.953287,0.944378,PASS,[],[],PASS,[0.00024275274816460373],PASS,9999,NOT PASS ,THEOS_1_20190430_000000_20190502_000000.CPF,PASS,[70],PASS,9999
TH_CAT_171010023856361_1_CALVAL_ALMERIA_20171005_MS_1A,TH1,MS,1A,NOT PASS ,['QC7Mode'],3.43,PASS,0,PASS,-8.328749,5.101623,PASS,[],[],PASS,"[0.0, 0.0, 0.0, 0.0]",PASS,9999,PASS,THEOS_1_20170620_000000_20170629_000000.CPF,NOT PASS ,"[25, 46, 6, 15]",PASS,9999
TH_CAT_171010023922789_1_CALVAL_ALMERIA_20171005_MS_2A,TH1,MS,2A,NOT PASS ,['QC7Mode'],4.247,PASS,0,PASS,-8.328749,5.101623,PASS,[],[],PASS,"[0.0, 0.0, 0.0, 0.0]",PASS,9999,PASS,THEOS_1_20170620_000000_20170629_000000.CPF,NOT PASS ,"[46, 25, 6, 15]",PASS,9999
TH_CAT_171010024109938_1_CALVAL_ALMERIA_20171005_PAN_1A,TH1,PAN,1A,NOT PASS ,['QC7Mode'],6.894,PASS,0,PASS,-8.303323,5.10766,PASS,[],[],PASS,[6.944444444444444e-06],PASS,9999,PASS,THEOS_1_20170620_000000_20170629_000000.CPF,NOT PASS ,[18],PASS,9999
TH_CAT_171010024125727_1_CALVAL_ALMERIA_20171005_PAN_2A,TH1,PAN,2A,NOT PASS ,['QC7Mode'],8.101,PASS,0,PASS,-8.303323,5.10766,PASS,[],[],PASS,[0.00014890707042627906],PASS,9999,PASS,THEOS_1_20170620_000000_20170629_000000.CPF,NOT PASS ,[18],PASS,9999
TH_CAT_171010030149236_1_CALVAL_PHUKET_20170919_MS_1A,TH1,MS,1A,NOT PASS ,"['QC2IncidenceAngle', 'QC7Mode']",3.25,PASS,0,NOT PASS ,-38.803731,47.557574,PASS,[],[],PASS,"[0.0, 0.0, 0.0, 0.0]",PASS,9999,PASS,THEOS_1_20170620_000000_20170629_000000.CPF,NOT PASS ,"[48, 32, 14, 26]",PASS,9999
TH_CAT_171010030208347_1_CALVAL_PHUKET_20170919_MS_2A,TH1,MS,1A,NOT PASS ,"['QC2IncidenceAngle', 'QC7Mode']",3.139,PASS,0,NOT PASS ,-38.803731,47.557574,PASS,[],[],PASS,"[0.0, 0.0, 0.0, 0.0]",PASS,9999,PASS,THEOS_1_20170620_000000_20170629_000000.CPF,NOT PASS ,"[48, 14, 26, 32]",PASS,9999
TH_CAT_171010030656785_1_CALVAL_PHUKET_20170919_PAN_1A,TH1,PAN,1A,NOT PASS ,"['QC2IncidenceAngle', 'QC7Mode']",5.851,PASS,0,NOT PASS ,-38.770329,47.552218,PASS,[],[],PASS,[0.0],PASS,9999,PASS,THEOS_1_20170620_000000_20170629_000000.CPF,NOT PASS ,[40],PASS,9999
TH_CAT_190803043117724_1_RUS_KROS_20190801_STD_FL,TH1,MS,1A,NOT PASS ,"['QC6CPFCheck', 'QC7Mode']",2.988,PASS,8,PASS,-1.601951,36.641933,PASS,[],[],PASS,"[0.0, 0.0, 5.624002794004588e-06, 0.0]",PASS,9999,NOT PASS ,THEOS_1_20190430_000000_20190502_000000.CPF,NOT PASS ,"[15, 8, 12, 47]",PASS,9999
TH_CAT_190803044138749_1_56587_IRAN_20190802_MS_1A,TH1,MS,1A,NOT PASS ,['QC6CPFCheck'],3.2,PASS,8,PASS,0.122676,-2.792968,PASS,[],[],PASS,"[0.0, 0.0, 0.0, 0.0]",PASS,9999,NOT PASS ,THEOS_1_20190430_000000_20190502_000000.CPF,PASS,"[71, 103, 89, 112]",PASS,9999
TH_CAT_201116064618190_1_1M_S1733893_R63167_08NOV2020,TH1,MS,1A,NOT PASS ,['QC7Mode'],2.95,PASS,0,PASS,-5.081775,0.520953,PASS,[],[],PASS,"[0.0, 0.0, 0.0, 0.0]",PASS,9999,PASS,THEOS_1_20200929_000000_20201001_000000.CPF,NOT PASS ,"[10, 255, 78, 255]",PASS,9999
TH_CAT_201116064646741_1_2M_S1733893_R63167_08NOV2020,TH1,MS,2A,NOT PASS ,['QC7Mode'],3.746,PASS,0,PASS,-5.081775,0.520953,PASS,[],[],PASS,"[0.0, 0.0, 0.0, 0.0]",PASS,9999,PASS,THEOS_1_20200929_000000_20201001_000000.CPF,NOT PASS ,"[10, 255, 78, 255]",PASS,9999
TH_CAT_201116064834169_1_1M_S1733894_R63167_08NOV2020,TH1,MS,1A,NOT PASS ,['QC7Mode'],3.01,PASS,0,PASS,-5.080756,0.518662,PASS,[],[],PASS,"[0.0, 0.0, 0.0, 0.0]",PASS,9999,PASS,THEOS_1_20200929_000000_20201001_000000.CPF,NOT PASS ,"[10, 56, 34, 80]",PASS,9999
TH_CAT_201116064846818_1_2M_S1733894_R63167_08NOV2020,TH1,MS,2A,NOT PASS ,['QC7Mode'],4.237,PASS,0,PASS,-5.080756,0.518662,PASS,[],[],PASS,"[0.0, 0.0, 0.0, 0.0]",PASS,9999,PASS,THEOS_1_20200929_000000_20201001_000000.CPF,NOT PASS ,"[34, 10, 80, 56]",PASS,9999
TH_CAT_201116064931126_1_1M_S1733895_R63167_08NOV2020,TH1,MS,1A,NOT PASS ,['QC7Mode'],3.067,PASS,0,PASS,-5.082769,0.518193,PASS,[],[],PASS,"[0.0, 0.0, 0.0, 0.0]",PASS,9999,PASS,THEOS_1_20200929_000000_20201001_000000.CPF,NOT PASS ,"[12, 36, 53, 80]",PASS,9999
TH_CAT_201116064945563_1_2M_S1733895_R63167_08NOV2020,TH1,MS,2A,NOT PASS ,['QC7Mode'],4.205,PASS,0,PASS,-5.082769,0.518193,PASS,[],[],PASS,"[0.0, 0.0, 0.0, 0.0]",PASS,9999,PASS,THEOS_1_20200929_000000_20201001_000000.CPF,NOT PASS ,"[12, 36, 80, 53]",PASS,9999
TH_CAT_201116065024171_1_1M_S1733896_R63167_08NOV2020,TH1,MS,1A,NOT PASS ,['QC7Mode'],3.138,PASS,0,PASS,-5.080681,0.518436,PASS,[],[],PASS,"[0.0, 0.0, 0.0, 0.0]",PASS,9999,PASS,THEOS_1_20200929_000000_20201001_000000.CPF,NOT PASS ,"[16, 255, 255, 255]",PASS,9999
TH_CAT_201116065039799_1_2M_S1733896_R63167_08NOV2020,TH1,MS,2A,NOT PASS ,['QC7Mode'],4.089,PASS,0,PASS,-5.080681,0.518436,PASS,[],[],PASS,"[0.0, 0.0, 0.0, 0.0]",PASS,9999,PASS,THEOS_1_20200929_000000_20201001_000000.CPF,NOT PASS ,"[16, 255, 255, 255]",PASS,9999
TH_CAT_201116065117860_1_1M_S1733897_R63167_08NOV2020,TH1,MS,1A,NOT PASS ,['QC7Mode'],3.279,PASS,0,PASS,-5.080555,0.517673,PASS,[],[],PASS,"[0.0, 0.0, 0.0, 0.0]",PASS,9999,PASS,THEOS_1_20200929_000000_20201001_000000.CPF,NOT PASS ,"[23, 255, 255, 255]",PASS,9999
TH_CAT_201116065130608_1_2M_S1733897_R63167_08NOV2020,TH1,MS,2A,NOT PASS ,['QC7Mode'],4.004,PASS,0,PASS,-5.080555,0.517673,PASS,[],[],PASS,"[0.0, 0.0, 0.0, 0.0]",PASS,9999,PASS,THEOS_1_20200929_000000_20201001_000000.CPF,NOT PASS ,"[23, 255, 255, 255]",PASS,9999
TH_CAT_201116065212595_1_1M_S1733898_R63167_08NOV2020,TH1,MS,1A,NOT PASS ,['QC7Mode'],3.434,PASS,0,PASS,-5.08071,0.518438,PASS,[],[],PASS,"[0.0, 0.0, 0.0, 0.0]",PASS,9999,PASS,THEOS_1_20200929_000000_20201001_000000.CPF,NOT PASS ,"[28, 255, 255, 255]",PASS,9999
TH_CAT_20111606522798_1_2M_S1733898_R63167_08NOV2020,TH1,MS,2A,NOT PASS ,['QC7Mode'],4.06,PASS,0,PASS,-5.08071,0.518438,PASS,[],[],PASS,"[0.0, 0.0, 0.0, 0.0]",PASS,9999,PASS,THEOS_1_20200929_000000_20201001_000000.CPF,NOT PASS ,"[28, 255, 255, 255]",PASS,9999
TH_CAT_201116065314459_1_1M_S1733899_R63167_08NOV2020,TH1,MS,1A,NOT PASS ,['QC7Mode'],3.223,PASS,0,PASS,-5.08124,0.519315,PASS,[],[],PASS,"[0.0, 0.0, 0.0, 0.0]",PASS,9999,PASS,THEOS_1_20200929_000000_20201001_000000.CPF,NOT PASS ,"[27, 255, 255, 255]",PASS,9999
TH_CAT_201116065331218_1_2M_S1733899_R63167_08NOV2020,TH1,MS,2A,NOT PASS ,['QC7Mode'],3.807,PASS,0,PASS,-5.08124,0.519315,PASS,[],[],PASS,"[0.0, 0.0, 0.0, 0.0]",PASS,9999,PASS,THEOS_1_20200929_000000_20201001_000000.CPF,NOT PASS ,"[27, 255, 255, 255]",PASS,9999
TH_CAT_201116065633307_1_1P_S1733922_R63167_08NOV2020,TH1,PAN,1A,NOT PASS ,['QC7Mode'],5.929,PASS,0,PASS,-5.056722,0.532393,PASS,[],[],PASS,[0.0],PASS,9999,PASS,THEOS_1_20200929_000000_20201001_000000.CPF,NOT PASS ,[255],PASS,9999
TH_CAT_201116065744296_1_2P_S1733922_R63167_08NOV2020,TH1,PAN,2A,NOT PASS ,['QC7Mode'],7.184,PASS,0,PASS,-5.056722,0.532393,PASS,[],[],PASS,[0.0],PASS,9999,PASS,THEOS_1_20200929_000000_20201001_000000.CPF,NOT PASS ,[255],PASS,9999
TH_CAT_201116065836428_1_1P_S1733923_R63167_08NOV2020,TH1,PAN,1A,NOT PASS ,['QC7Mode'],6.246,PASS,0,PASS,-5.056038,0.531548,PASS,[],[],PASS,[0.0],PASS,9999,PASS,THEOS_1_20200929_000000_20201001_000000.CPF,NOT PASS ,[255],PASS,9999
TH_CAT_201116065851314_1_2P_S1733923_R63167_08NOV2020,TH1,PAN,2A,NOT PASS ,['QC7Mode'],7.256,PASS,0,PASS,-5.056038,0.531548,PASS,[],[],PASS,[0.0],PASS,9999,PASS,THEOS_1_20200929_000000_20201001_000000.CPF,NOT PASS ,[255],PASS,9999
TH_CAT_201116070235402_1_1P_S1733949_R63167_08NOV2020,TH1,PAN,1A,NOT PASS ,['QC7Mode'],6.274,PASS,0,PASS,-5.055319,0.525067,PASS,[],[],PASS,[0.0],PASS,9999,PASS,THEOS_1_20200929_000000_20201001_000000.CPF,NOT PASS ,[46],PASS,9999
TH_CAT_201116070247871_1_2P_S1733949_R63167_08NOV2020,TH1,PAN,2A,NOT PASS ,['QC7Mode'],7.058,PASS,0,PASS,-5.055319,0.525067,PASS,[],[],PASS,[0.0],PASS,9999,PASS,THEOS_1_20200929_000000_20201001_000000.CPF,NOT PASS ,[47],PASS,9999
TH_CAT_201116070331518_1_1P_S1733950_R63167_08NOV2020,TH1,PAN,1A,NOT PASS ,['QC7Mode'],5.661,PASS,0,PASS,-5.055675,0.524894,PASS,[],[],PASS,[0.0],PASS,9999,PASS,THEOS_1_20200929_000000_20201001_000000.CPF,NOT PASS ,[44],PASS,9999
TH_CAT_201116070345963_1_2P_S1733950_R63167_08NOV2020,TH1,PAN,2A,NOT PASS ,['QC7Mode'],6.616,PASS,0,PASS,-5.055675,0.524894,PASS,[],[],PASS,[0.0],PASS,9999,PASS,THEOS_1_20200929_000000_20201001_000000.CPF,NOT PASS ,[44],PASS,9999
TH_CAT_201116070444637_1_1P_S1733951_R63167_08NOV2020,TH1,PAN,1A,NOT PASS ,['QC7Mode'],5.64,PASS,0,PASS,-5.05699,0.52649,PASS,[],[],PASS,[0.0],PASS,9999,PASS,THEOS_1_20200929_000000_20201001_000000.CPF,NOT PASS ,[42],PASS,9999
TH_CAT_201116070501392_1_2P_S1733951_R63167_08NOV2020,TH1,PAN,2A,NOT PASS ,['QC7Mode'],6.698,PASS,0,PASS,-5.05699,0.52649,PASS,[],[],PASS,[0.0],PASS,9999,PASS,THEOS_1_20200929_000000_20201001_000000.CPF,NOT PASS ,[42],PASS,9999
TH_CAT_201203065355794_1_1M_S1742868_R63464_29NOV2020,TH1,MS,1A,NOT PASS ,['QC7Mode'],3.683,PASS,0,PASS,-0.821976,11.902893,PASS,[],[],PASS,"[0.0, 0.0, 0.0, 0.0]",PASS,9999,PASS,THEOS_1_20200929_000000_20201001_000000.CPF,NOT PASS ,"[54, 30, 46, 91]",PASS,9999
TH_CAT_201203065409469_1_2M_S1742868_R63464_29NOV2020,TH1,MS,2A,NOT PASS ,['QC7Mode'],4.298,PASS,0,PASS,-0.821976,11.902893,PASS,[],[],PASS,"[0.0, 0.0, 0.0, 0.0]",PASS,9999,PASS,THEOS_1_20200929_000000_20201001_000000.CPF,NOT PASS ,"[30, 54, 46, 92]",PASS,9999
TH_CAT_201203065508212_1_1M_S1742869_R63464_29NOV2020,TH1,MS,1A,NOT PASS ,['QC7Mode'],3.445,PASS,0,PASS,-0.826317,11.902361,PASS,[],[],PASS,"[0.0, 0.0, 0.0, 0.0]",PASS,9999,PASS,THEOS_1_20200929_000000_20201001_000000.CPF,NOT PASS ,"[59, 51, 35, 91]",PASS,9999
TH_CAT_201203065522371_1_2M_S1742869_R63464_29NOV2020,TH1,MS,2A,NOT PASS ,['QC7Mode'],4.336,PASS,0,PASS,-0.826317,11.902361,PASS,[],[],PASS,"[0.0, 0.0, 0.0, 0.0]",PASS,9999,PASS,THEOS_1_20200929_000000_20201001_000000.CPF,NOT PASS ,"[59, 51, 35, 92]",PASS,9999
TH_CAT_201203065845774_1_1M_S1742870_R63464_29NOV2020,TH1,MS,1A,NOT PASS ,['QC7Mode'],3.492,PASS,0,PASS,-0.832368,11.902396,PASS,[],[],PASS,"[0.0, 0.0, 0.0, 0.0]",PASS,9999,PASS,THEOS_1_20200929_000000_20201001_000000.CPF,NOT PASS ,"[60, 53, 37, 91]",PASS,9999
TH_CAT_20120306590176_1_2M_S1742870_R63464_29NOV2020,TH1,MS,2A,NOT PASS ,['QC7Mode'],4.453,PASS,0,PASS,-0.832368,11.902396,PASS,[],[],PASS,"[0.0, 0.0, 0.0, 0.0]",PASS,9999,PASS,THEOS_1_20200929_000000_20201001_000000.CPF,NOT PASS ,"[60, 53, 37, 91]",PASS,9999
TH_CAT_201203072339485_1_1M_S1742871_R63464_29NOV2020,TH1,MS,1A,NOT PASS ,['QC7Mode'],3.553,PASS,0,PASS,-0.834344,11.900499,PASS,[],[],PASS,"[0.0, 0.0, 0.0, 0.0]",PASS,9999,PASS,THEOS_1_20200929_000000_20201001_000000.CPF,NOT PASS ,"[60, 53, 37, 88]",PASS,9999
TH_CAT_201203072413634_1_2M_S1742871_R63464_29NOV2020,TH1,MS,2A,NOT PASS ,['QC7Mode'],4.513,PASS,0,PASS,-0.834344,11.900499,PASS,[],[],PASS,"[0.0, 0.0, 0.0, 0.0]",PASS,9999,PASS,THEOS_1_20200929_000000_20201001_000000.CPF,NOT PASS ,"[60, 53, 37, 88]",PASS,9999
TH_CAT_201203073105376_1_1M_S1742872_R63464_29NOV2020,TH1,MS,1A,NOT PASS ,['QC7Mode'],3.473,PASS,0,PASS,-0.839545,11.901094,PASS,[],[],PASS,"[0.0, 0.0, 0.0, 0.0]",PASS,9999,PASS,THEOS_1_20200929_000000_20201001_000000.CPF,NOT PASS ,"[60, 48, 36, 93]",PASS,9999
TH_CAT_201203073119285_1_2M_S1742872_R63464_29NOV2020,TH1,MS,2A,NOT PASS ,['QC7Mode'],4.221,PASS,0,PASS,-0.839545,11.901094,PASS,[],[],PASS,"[0.0, 0.0, 0.0, 0.0]",PASS,9999,PASS,THEOS_1_20200929_000000_20201001_000000.CPF,NOT PASS ,"[60, 36, 48, 93]",PASS,9999
TH_CAT_201203074052796_1_1M_S1742873_R63464_29NOV2020,TH1,MS,1A,PASS,[],3.592,PASS,0,PASS,-0.844671,11.899579,PASS,[],[],PASS,"[0.0, 0.0, 0.0, 0.0]",PASS,9999,PASS,THEOS_1_20200929_000000_20201001_000000.CPF,PASS,"[87, 86, 103, 75]",PASS,9999
TH_CAT_201203074105525_1_2M_S1742873_R63464_29NOV2020,TH1,MS,2A,PASS,[],4.254,PASS,0,PASS,-0.844671,11.899579,PASS,[],[],PASS,"[0.0, 0.0, 0.0, 0.0]",PASS,9999,PASS,THEOS_1_20200929_000000_20201001_000000.CPF,PASS,"[86, 87, 103, 74]",PASS,9999
TH_CAT_201203074449363_1_1M_S1742874_R63464_29NOV2020,TH1,MS,1A,NOT PASS ,['QC7Mode'],3.504,PASS,0,PASS,-0.843826,11.900339,PASS,[],[],PASS,"[0.0, 0.0, 0.0, 0.0]",PASS,9999,PASS,THEOS_1_20200929_000000_20201001_000000.CPF,NOT PASS ,"[255, 255, 255, 103]",PASS,9999
TH_CAT_20120307450369_1_2M_S1742874_R63464_29NOV2020,TH1,MS,2A,NOT PASS ,['QC7Mode'],4.264,PASS,0,PASS,-0.843826,11.900339,PASS,[],[],PASS,"[0.0, 0.0, 0.0, 0.0]",PASS,9999,PASS,THEOS_1_20200929_000000_20201001_000000.CPF,NOT PASS ,"[255, 255, 102, 255]",PASS,9999
TH_CAT_201203074552102_1_1M_S1742875_R63464_29NOV2020,TH1,MS,1A,NOT PASS ,['QC7Mode'],3.419,PASS,0,PASS,-0.84624,11.898668,PASS,[],[],PASS,"[0.0, 0.0, 0.0, 0.0]",PASS,9999,PASS,THEOS_1_20200929_000000_20201001_000000.CPF,NOT PASS ,"[255, 255, 255, 255]",PASS,9999
TH_CAT_201203074604873_1_2M_S1742875_R63464_29NOV2020,TH1,MS,2A,NOT PASS ,['QC7Mode'],4.471,PASS,0,PASS,-0.84624,11.898668,PASS,[],[],PASS,"[0.0, 0.0, 0.0, 0.0]",PASS,9999,PASS,THEOS_1_20200929_000000_20201001_000000.CPF,NOT PASS ,"[255, 255, 255, 255]",PASS,9999
TH_CAT_201203074644356_1_1M_S1742876_R63464_29NOV2020,TH1,MS,1A,NOT PASS ,['QC7Mode'],3.563,PASS,0,PASS,-0.849058,11.899668,PASS,[],[],PASS,"[0.0, 0.0, 0.0, 0.0]",PASS,9999,PASS,THEOS_1_20200929_000000_20201001_000000.CPF,NOT PASS ,"[255, 255, 255, 109]",PASS,9999
TH_CAT_201203074656977_1_2M_S1742876_R63464_29NOV2020,TH1,MS,2A,NOT PASS ,['QC7Mode'],4.182,PASS,0,PASS,-0.849058,11.899668,PASS,[],[],PASS,"[0.0, 0.0, 0.0, 0.0]",PASS,9999,PASS,THEOS_1_20200929_000000_20201001_000000.CPF,NOT PASS ,"[255, 255, 255, 108]",PASS,9999
TH_CAT_201203074814492_1_1M_S1742877_R63464_29NOV2020,TH1,MS,1A,NOT PASS ,['QC7Mode'],3.41,PASS,0,PASS,-0.848019,11.899139,PASS,[],[],PASS,"[0.0, 0.0, 0.0, 0.0]",PASS,9999,PASS,THEOS_1_20200929_000000_20201001_000000.CPF,NOT PASS ,"[255, 255, 255, 255]",PASS,9999
TH_CAT_201203074827848_1_2M_S1742877_R63464_29NOV2020,TH1,MS,2A,NOT PASS ,['QC7Mode'],4.053,PASS,0,PASS,-0.848019,11.899139,PASS,[],[],PASS,"[0.0, 0.0, 0.0, 0.0]",PASS,9999,PASS,THEOS_1_20200929_000000_20201001_000000.CPF,NOT PASS ,"[255, 255, 255, 255]",PASS,9999
TH_CAT_20120308292402_1_2P_S1742916_R63464_29NOV2020,TH1,PAN,2A,PASS,[],8.192,PASS,0,PASS,-0.815669,11.908952,PASS,[],[],PASS,[0.0],PASS,9999,PASS,THEOS_1_20200929_000000_20201001_000000.CPF,PASS,[103],PASS,9999
TH_CAT_201204081735610_1_1P_S1742920_R63464_29NOV2020,TH1,PAN,1A,PASS,[],6.549,PASS,0,PASS,-0.819438,11.908207,PASS,[],[],PASS,[0.0],PASS,9999,PASS,THEOS_1_20200929_000000_20201001_000000.CPF,PASS,[118],PASS,9999
TH_CAT_201204081753380_1_2P_S1742920_R63464_29NOV2020,TH1,PAN,2A,PASS,[],7.861,PASS,0,PASS,-0.819438,11.908207,PASS,[],[],PASS,[0.0],PASS,9999,PASS,THEOS_1_20200929_000000_20201001_000000.CPF,PASS,[118],PASS,9999
TH_CAT_20120408300480_1_2P_S1742928_R63464_29NOV2020,TH1,PAN,2A,PASS,[],7.866,PASS,0,PASS,-0.824202,11.908403,PASS,[],[],PASS,[0.0],PASS,9999,PASS,THEOS_1_20200929_000000_20201001_000000.CPF,PASS,[119],PASS,9999
TH_CAT_201204083713868_1_1P_S1742931_R63464_29NOV2020,TH1,PAN,1A,NOT PASS ,['QC7Mode'],5.949,PASS,0,PASS,-0.825018,11.906965,PASS,[],[],PASS,[0.0],PASS,9999,PASS,THEOS_1_20200929_000000_20201001_000000.CPF,NOT PASS ,[255],PASS,9999
TH_CAT_201204083731235_1_2P_S1742931_R63464_29NOV2020,TH1,PAN,2A,NOT PASS ,['QC7Mode'],7.334,PASS,0,PASS,-0.825018,11.906965,PASS,[],[],PASS,[0.0],PASS,9999,PASS,THEOS_1_20200929_000000_20201001_000000.CPF,NOT PASS ,[255],PASS,9999
TH_CAT_201204083818346_1_1P_S1742932_R63464_29NOV2020,TH1,PAN,1A,NOT PASS ,['QC7Mode'],5.876,PASS,0,PASS,-0.824496,11.906846,PASS,[],[],PASS,[0.0],PASS,9999,PASS,THEOS_1_20200929_000000_20201001_000000.CPF,NOT PASS ,[255],PASS,9999
TH_CAT_201204083832351_1_2P_S1742932_R63464_29NOV2020,TH1,PAN,2A,NOT PASS ,['QC7Mode'],7.341,PASS,0,PASS,-0.824496,11.906846,PASS,[],[],PASS,[0.0],PASS,9999,PASS,THEOS_1_20200929_000000_20201001_000000.CPF,NOT PASS ,[255],PASS,9999
TH_CAT_210122041032159_1_1P_64088_scene1,TH1,PAN,1A,PASS,[],6.434,PASS,8,PASS,7.953435,0.946542,PASS,[],[],PASS,[0.0],PASS,9999,PASS,THEOS_1_20201230_000000_20210101_000000.CPF,PASS,[70],PASS,9999
TH_CAT_210122041049520_1_2P_64088_scene1,TH1,PAN,2A,PASS,[],7.762,PASS,8,PASS,7.953435,0.946542,PASS,[],[],PASS,[0.0],PASS,9999,PASS,THEOS_1_20201230_000000_20210101_000000.CPF,PASS,[70],PASS,9999
TH_CAT_210122041251152_1_1M_64088_scene1,TH1,MS,1A,PASS,[],3.3,PASS,8,PASS,7.930093,0.938394,PASS,[],[],PASS,"[0.0, 0.0, 0.0, 0.0]",PASS,9999,PASS,THEOS_1_20201230_000000_20210101_000000.CPF,PASS,"[103, 96, 103, 107]",PASS,9999
TH_CAT_210122041322461_1_2M_64088_scene1,TH1,MS,2A,PASS,[],4.046,PASS,8,PASS,7.930093,0.938394,PASS,[],[],PASS,"[0.0, 0.0, 0.0, 0.0]",PASS,9999,PASS,THEOS_1_20201230_000000_20210101_000000.CPF,PASS,"[96, 103, 103, 108]",PASS,9999
TH_CAT_210202082834764_1_1M_GOBI_20210202,TH1,MS,1A,PASS,[],3.09,PASS,0,PASS,4.796063,3.324067,PASS,[],[],PASS,"[0.0, 0.0, 0.0, 0.0]",PASS,9999,PASS,THEOS_1_20201230_000000_20210101_000000.CPF,PASS,"[67, 64, 72, 82]",PASS,9999
TH_CAT_210202082850452_1_2M_GOBI_20210202,TH1,MS,2A,PASS,[],3.884,PASS,0,PASS,4.796063,3.324067,PASS,[],[],PASS,"[0.0, 0.0, 0.0, 0.0]",PASS,9999,PASS,THEOS_1_20201230_000000_20210101_000000.CPF,PASS,"[67, 72, 66, 82]",PASS,9999
TH_CAT_21020208295419_1_1P_GOBI_20210202,TH1,PAN,1A,PASS,[],6.271,PASS,0,PASS,4.820861,3.332119,PASS,[],[],PASS,[0.0],PASS,9999,PASS,THEOS_1_20201230_000000_20210101_000000.CPF,PASS,[98],PASS,9999
TH_CAT_210202083009145_1_2P_GOBI_20210202,TH1,PAN,2A,PASS,[],7.427,PASS,0,PASS,4.820861,3.332119,PASS,[],[],PASS,[2.9011271778435346e-06],PASS,9999,PASS,THEOS_1_20201230_000000_20210101_000000.CPF,PASS,[98],PASS,9999
TH_CAT_21020307054506_1_1M_LIBYA1_20210202,TH1,MS,1A,PASS,[],2.993,PASS,0,PASS,-0.100807,1.052934,PASS,[],[],PASS,"[0.0, 0.0, 0.0, 0.0]",PASS,9999,PASS,THEOS_1_20201230_000000_20210101_000000.CPF,PASS,"[73, 113, 99, 166]",PASS,9999
TH_CAT_21020307060510_1_2M_LIBYA1_20210202,TH1,MS,2A,PASS,[],3.48,PASS,0,PASS,-0.100807,1.052934,PASS,[],[],PASS,"[0.0, 0.0, 0.0, 0.0]",PASS,9999,PASS,THEOS_1_20201230_000000_20210101_000000.CPF,PASS,"[99, 73, 113, 166]",PASS,9999
TH_CAT_210203070801950_1_1P_LIBYA1_20210202,TH1,PAN,1A,PASS,[],5.094,PASS,0,PASS,-0.076275,1.061161,PASS,[],[],PASS,[0.0],PASS,9999,PASS,THEOS_1_20201230_000000_20210101_000000.CPF,PASS,[91],PASS,9999
TH_CAT_210203070835849_1_2P_LIBYA1_20210202,TH1,PAN,2A,PASS,[],6.216,PASS,0,PASS,-0.076275,1.061161,PASS,[],[],PASS,[0.0],PASS,9999,PASS,THEOS_1_20201230_000000_20210101_000000.CPF,PASS,[91],PASS,9999
TH_CAT_210204063903270_1_1M_MAURITANIA2_20210203,TH1,MS,1A,PASS,[],3.056,PASS,0,PASS,0.235054,-4.158115,PASS,[],[],PASS,"[0.0, 0.0, 0.0, 0.0]",PASS,9999,PASS,THEOS_1_20201230_000000_20210101_000000.CPF,PASS,"[67, 100, 127, 150]",PASS,9999
TH_CAT_210204063917136_1_2M_MAURITANIA2_20210203,TH1,MS,2A,PASS,[],3.733,PASS,0,PASS,0.235054,-4.158115,PASS,[],[],PASS,"[0.0, 0.0, 0.0, 0.0]",PASS,9999,PASS,THEOS_1_20201230_000000_20210101_000000.CPF,PASS,"[67, 100, 150, 127]",PASS,9999
TH_CAT_210204064016696_1_1P_MAURITANIA2_20210203,TH1,PAN,1A,PASS,[],5.591,PASS,0,PASS,0.259577,-4.149928,PASS,[],[],PASS,[0.0],PASS,9999,PASS,THEOS_1_20201230_000000_20210101_000000.CPF,PASS,[114],PASS,9999
TH_CAT_210204064031372_1_2P_MAURITANIA2_20210203,TH1,PAN,2A,PASS,[],6.651,PASS,0,PASS,0.259577,-4.149928,PASS,[],[],PASS,[0.0],PASS,9999,PASS,THEOS_1_20201230_000000_20210101_000000.CPF,PASS,[114],PASS,9999
TH_CAT_210204064220111_1_1M_SANTIAGO_20210203,TH1,MS,1A,NOT PASS ,['QC7Mode'],3.493,PASS,0,PASS,-0.473583,7.615332,PASS,[],[],PASS,"[0.0, 0.0, 0.0, 0.0]",PASS,9999,PASS,THEOS_1_20201230_000000_20210101_000000.CPF,NOT PASS ,"[51, 255, 255, 255]",PASS,9999
TH_CAT_210204064237716_1_2M_SANTIAGO_20210203,TH1,MS,2A,NOT PASS ,['QC7Mode'],4.146,PASS,0,PASS,-0.473583,7.615332,PASS,[],[],PASS,"[0.0, 0.0, 0.0, 0.0]",PASS,9999,PASS,THEOS_1_20201230_000000_20210101_000000.CPF,NOT PASS ,"[51, 255, 255, 255]",PASS,9999
TH_CAT_210204064544191_1_1M_PONGHU_20210203,TH1,MS,1A,NOT PASS ,['QC7Mode'],2.809,PASS,0,PASS,-0.156118,1.907108,PASS,[],[],PASS,"[0.0, 0.0, 0.0, 0.0]",PASS,9999,PASS,THEOS_1_20201230_000000_20210101_000000.CPF,NOT PASS ,"[14, 44, 60, 29]",PASS,9999
TH_CAT_210204064557783_1_2M_PONGHU_20210203,TH1,MS,2A,NOT PASS ,['QC7Mode'],3.286,PASS,0,PASS,-0.156118,1.907108,PASS,[],[],PASS,"[0.0, 0.0, 0.0, 0.0]",PASS,9999,PASS,THEOS_1_20201230_000000_20210101_000000.CPF,NOT PASS ,"[13, 44, 60, 29]",PASS,9999
TH_CAT_210204064758849_1_1P_PONGHU_20210203,TH1,PAN,1A,NOT PASS ,['QC7Mode'],6.075,PASS,0,PASS,-0.131766,1.915179,PASS,[],[],PASS,[0.0],PASS,9999,PASS,THEOS_1_20201230_000000_20210101_000000.CPF,NOT PASS ,[41],PASS,9999
TH_CAT_21020406481488_1_2P_PONGHU_20210203,TH1,PAN,2A,NOT PASS ,['QC7Mode'],7.017,PASS,0,PASS,-0.131766,1.915179,PASS,[],[],PASS,[6.5572783914034375e-06],PASS,9999,PASS,THEOS_1_20201230_000000_20210101_000000.CPF,NOT PASS ,[41],PASS,9999
TH_CAT_210205063824659_1_1M_ARABIA1_20210204,TH1,MS,1A,PASS,[],2.968,PASS,0,PASS,-0.048496,-1.294024,PASS,[],[],PASS,"[0.0, 0.0, 0.0, 0.0]",PASS,9999,PASS,THEOS_1_20201230_000000_20210101_000000.CPF,PASS,"[68, 104, 150, 126]",PASS,9999
TH_CAT_21020506385277_1_2M_ARABIA1_20210204,TH1,MS,2A,PASS,[],3.666,PASS,0,PASS,-0.048496,-1.294024,PASS,[],[],PASS,"[0.0, 0.0, 0.0, 0.0]",PASS,9999,PASS,THEOS_1_20201230_000000_20210101_000000.CPF,PASS,"[68, 104, 150, 126]",PASS,9999
TH_CAT_210205064042629_1_1P_ARABIA1_20210204,TH1,PAN,1A,PASS,[],5.856,PASS,0,PASS,0.073036,-1.285802,PASS,[],[],PASS,[0.0],PASS,9999,PASS,THEOS_1_20201230_000000_20210101_000000.CPF,PASS,[115],PASS,9999
TH_CAT_210205064102102_1_2P_ARABIA1_20210204,TH1,PAN,2A,PASS,[],6.796,PASS,0,PASS,0.073036,-1.285802,PASS,[],[],PASS,[0.0],PASS,9999,PASS,THEOS_1_20201230_000000_20210101_000000.CPF,PASS,[115],PASS,9999
TH_CAT_210205064246350_1_1M_BARCELONA_20210204,TH1,MS,1A,NOT PASS ,['QC7Mode'],3.411,PASS,0,PASS,0.085062,-2.256864,PASS,[],[],PASS,"[0.0, 0.0, 0.0, 0.0]",PASS,9999,PASS,THEOS_1_20201230_000000_20210101_000000.CPF,NOT PASS ,"[255, 255, 255, 12]",PASS,9999
TH_CAT_210205064259188_1_2M_BARCELONA_20210204,TH1,MS,2A,NOT PASS ,['QC7Mode'],4.124,PASS,0,PASS,0.085062,-2.256864,PASS,[],[],PASS,"[0.0, 0.0, 0.0, 0.0]",PASS,9999,PASS,THEOS_1_20201230_000000_20210101_000000.CPF,NOT PASS ,"[255, 255, 255, 12]",PASS,9999
TH_CAT_21020506441314_1_2P_BARCELONA_20210204,TH1,PAN,2A,NOT PASS ,['QC7Mode'],7.506,PASS,0,PASS,0.109702,-2.24901,PASS,[],[],PASS,[1.456860230628696e-06],PASS,9999,PASS,THEOS_1_20201230_000000_20210101_000000.CPF,NOT PASS ,[255],PASS,9999
TH_CAT_210205064544871_1_1M_LIBYA3_20210204,TH1,MS,1A,PASS,[],2.977,PASS,0,PASS,-0.247834,3.29356,PASS,[],[],PASS,"[0.0, 0.0, 0.0, 0.0]",PASS,9999,PASS,THEOS_1_20201230_000000_20210101_000000.CPF,PASS,"[100, 63, 132, 155]",PASS,9999
TH_CAT_210205064601351_1_2M_LIBYA3_20210204,TH1,MS,2A,PASS,[],3.504,PASS,0,PASS,-0.247834,3.29356,PASS,[],[],PASS,"[0.0, 0.0, 0.0, 0.0]",PASS,9999,PASS,THEOS_1_20201230_000000_20210101_000000.CPF,PASS,"[63, 132, 100, 155]",PASS,9999
TH_CAT_210205064707481_1_1P_LIBYA3_20210204,TH1,PAN,1A,PASS,[],5.697,PASS,0,PASS,-0.223261,3.301803,PASS,[],[],PASS,[0.0],PASS,9999,PASS,THEOS_1_20201230_000000_20210101_000000.CPF,PASS,[119],PASS,9999
TH_CAT_21020506472593_1_2P_LIBYA3_20210204,TH1,PAN,2A,PASS,[],6.68,PASS,0,PASS,-0.223261,3.301803,PASS,[],[],PASS,[0.0],PASS,9999,PASS,THEOS_1_20201230_000000_20210101_000000.CPF,PASS,[119],PASS,9999
TH_CAT_210205064846677_1_1M_LIBYA4_20210204,TH1,MS,1A,PASS,[],3.094,PASS,0,PASS,0.223465,-4.204105,PASS,[],[],PASS,"[0.0, 0.0, 0.0, 0.0]",PASS,9999,PASS,THEOS_1_20201230_000000_20210101_000000.CPF,PASS,"[75, 108, 143, 119]",PASS,9999
TH_CAT_210205064930108_1_2M_LIBYA4_20210204,TH1,MS,2A,PASS,[],3.716,PASS,0,PASS,0.223465,-4.204105,PASS,[],[],PASS,"[0.0, 0.0, 0.0, 0.0]",PASS,9999,PASS,THEOS_1_20201230_000000_20210101_000000.CPF,PASS,"[75, 119, 143, 108]",PASS,9999
TH_CAT_210205065051745_1_1P_LIBYA4_20210204,TH1,PAN,1A,PASS,[],5.71,PASS,0,PASS,0.248062,-4.195965,PASS,[],[],PASS,[0.0],PASS,9999,PASS,THEOS_1_20201230_000000_20210101_000000.CPF,PASS,[112],PASS,9999
TH_CAT_210205065138738_1_2P_LIBYA4_20210204,TH1,PAN,2A,PASS,[],6.678,PASS,0,PASS,0.248059,-4.195964,PASS,[],[],PASS,[0.0],PASS,9999,PASS,THEOS_1_20201230_000000_20210101_000000.CPF,PASS,[112],PASS,9999
TH_CAT_210208073442861_1_1M_TUZGULU2_20210205,TH1,MS,1A,NOT PASS ,['QC7Mode'],2.892,PASS,0,PASS,-0.505998,8.674909,PASS,[],[],PASS,"[8.345852111500584e-06, 0.0, 0.0, 6.120291548433762e-05]",PASS,9999,PASS,THEOS_1_20201230_000000_20210101_000000.CPF,NOT PASS ,"[16, 18, 20, 30]",PASS,9999
TH_CAT_210208073456771_1_2M_TUZGULU2_20210205,TH1,MS,2A,NOT PASS ,['QC7Mode'],3.691,PASS,0,PASS,-0.505998,8.674909,PASS,[],[],PASS,"[5.423093631419821e-06, 5.423093631419821e-06, 3.7961655419938745e-05, 5.423093631419821e-06]",PASS,9999,PASS,THEOS_1_20201230_000000_20210101_000000.CPF,NOT PASS ,"[16, 17, 30, 20]",PASS,9999
TH_CAT_210208073559502_1_1P_TUZGULU2_20210205,TH1,PAN,1A,NOT PASS ,['QC7Mode'],5.023,PASS,0,PASS,-0.481138,8.682848,PASS,[],[],PASS,[0.0],PASS,9999,PASS,THEOS_1_20201230_000000_20210101_000000.CPF,NOT PASS ,[33],PASS,9999
TH_CAT_210208073620246_1_2P_TUZGULU2_20210205,TH1,PAN,2A,NOT PASS ,['QC7Mode'],6.488,PASS,0,PASS,-0.481138,8.682848,PASS,[],[],PASS,[5.679369074913909e-06],PASS,9999,PASS,THEOS_1_20201230_000000_20210101_000000.CPF,NOT PASS ,[33],PASS,9999
TH_CAT_210208073817603_1_1M_CANBERRA_20210207,TH1,MS,1A,NOT PASS ,['QC7Mode'],3.399,PASS,8,PASS,0.260606,-5.378118,PASS,[],[],PASS,"[0.0, 0.0, 0.0, 0.0]",PASS,9999,PASS,THEOS_1_20201230_000000_20210101_000000.CPF,NOT PASS ,"[75, 49, 40, 111]",PASS,9999
TH_CAT_210208073829841_1_2M_CANBERRA_20210207,TH1,MS,2A,NOT PASS ,['QC7Mode'],4.33,PASS,8,PASS,0.260606,-5.378118,PASS,[],[],PASS,"[0.0, 0.0, 0.0, 0.0]",PASS,9999,PASS,THEOS_1_20201230_000000_20210101_000000.CPF,NOT PASS ,"[75, 49, 40, 111]",PASS,9999
TH_CAT_210208074103138_1_1M_GOBI_20210207,TH1,MS,1A,PASS,[],3.16,PASS,0,PASS,4.508292,8.839922,PASS,[],[],PASS,"[0.0, 0.0, 0.0, 0.0]",PASS,9999,PASS,THEOS_1_20201230_000000_20210101_000000.CPF,PASS,"[120, 124, 113, 142]",PASS,9999
TH_CAT_210208074119311_1_2M_GOBI_20210207,TH1,MS,2A,PASS,[],4.03,PASS,0,PASS,4.508292,8.839922,PASS,[],[],PASS,"[0.0, 0.0, 0.0, 0.0]",PASS,9999,PASS,THEOS_1_20201230_000000_20210101_000000.CPF,PASS,"[120, 113, 142, 124]",PASS,9999
TH_CAT_210208074214525_1_1P_GOBI_20210207,TH1,PAN,1A,PASS,[],6.209,PASS,0,PASS,4.533153,8.848216,PASS,[],[],PASS,[0.0],PASS,9999,PASS,THEOS_1_20201230_000000_20210101_000000.CPF,PASS,[189],PASS,9999
TH_CAT_210208074227595_1_2P_GOBI_20210207,TH1,PAN,2A,PASS,[],7.72,PASS,0,PASS,4.533153,8.848216,PASS,[],[],PASS,[0.0],PASS,9999,PASS,THEOS_1_20201230_000000_20210101_000000.CPF,PASS,[189],PASS,9999
TH_CAT_210208074633822_1_1M_LIBYA1_20210207,TH1,MS,1A,PASS,[],2.87,PASS,0,PASS,-0.524102,7.722251,PASS,[],[],PASS,"[0.0, 0.0, 0.0, 0.0]",PASS,9999,PASS,THEOS_1_20201230_000000_20210101_000000.CPF,PASS,"[112, 83, 129, 186]",PASS,9999
TH_CAT_210208074652719_1_2M_LIBYA1_20210207,TH1,MS,2A,PASS,[],3.681,PASS,0,PASS,-0.524102,7.722251,PASS,[],[],PASS,"[0.0, 0.0, 0.0, 0.0]",PASS,9999,PASS,THEOS_1_20201230_000000_20210101_000000.CPF,PASS,"[83, 111, 129, 186]",PASS,9999
TH_CAT_210208075036437_1_1P_LIBYA1_20210207,TH1,PAN,1A,PASS,[],5.124,PASS,0,PASS,-0.499438,7.730431,PASS,[],[],PASS,[0.0],PASS,9999,PASS,THEOS_1_20201230_000000_20210101_000000.CPF,PASS,[98],PASS,9999
TH_CAT_21020807505333_1_2P_LIBYA1_20210207,TH1,PAN,2A,PASS,[],6.426,PASS,0,PASS,-0.499438,7.730431,PASS,[],[],PASS,[0.0],PASS,9999,PASS,THEOS_1_20201230_000000_20210101_000000.CPF,PASS,[98],PASS,9999
TH_CAT_21020907144491_1_1M_MAURITANIA2_20210208,TH1,MS,1A,PASS,[],2.988,PASS,0,PASS,-0.210199,2.662515,PASS,[],[],PASS,"[0.0, 0.0, 0.0, 0.0]",PASS,9999,PASS,THEOS_1_20201230_000000_20210101_000000.CPF,PASS,"[68, 105, 157, 136]",PASS,9999
TH_CAT_210209071500480_1_2M_MAURITANIA2_20210208,TH1,MS,2A,PASS,[],3.727,PASS,0,PASS,-0.210199,2.662515,PASS,[],[],PASS,"[0.0, 0.0, 0.0, 0.0]",PASS,9999,PASS,THEOS_1_20201230_000000_20210101_000000.CPF,PASS,"[68, 105, 157, 135]",PASS,9999
TH_CAT_210209071607394_1_1P_MAURITANIA2_20210208,TH1,PAN,1A,PASS,[],5.648,PASS,0,PASS,-0.18579,2.670749,PASS,[],[],PASS,[0.0],PASS,9999,PASS,THEOS_1_20201230_000000_20210101_000000.CPF,PASS,[120],PASS,9999
TH_CAT_210209071632782_1_2P_MAURITANIA2_20210208,TH1,PAN,2A,PASS,[],6.733,PASS,0,PASS,-0.18579,2.670749,PASS,[],[],PASS,[0.0],PASS,9999,PASS,THEOS_1_20201230_000000_20210101_000000.CPF,PASS,[120],PASS,9999
TH_CAT_210209071816670_1_1M_SANTIAGO_20210208,TH1,MS,1A,NOT PASS ,['QC7Mode'],3.408,PASS,0,PASS,-0.81753,13.391933,PASS,[],[],PASS,"[0.0, 0.0, 0.0, 0.0]",PASS,9999,PASS,THEOS_1_20201230_000000_20210101_000000.CPF,NOT PASS ,"[54, 51, 52, 47]",PASS,9999
TH_CAT_210209071836509_1_2M_SANTIAGO_20210208,TH1,MS,2A,NOT PASS ,['QC7Mode'],4.202,PASS,0,PASS,-0.81753,13.391933,PASS,[],[],PASS,"[0.0, 0.0, 0.0, 0.0]",PASS,9999,PASS,THEOS_1_20201230_000000_20210101_000000.CPF,NOT PASS ,"[54, 52, 52, 47]",PASS,9999
TH_CAT_210211071513586_1_1M_ARABIA1_20210209,TH1,MS,1A,NOT PASS ,['QC7Mode'],3.062,PASS,0,PASS,-0.403524,5.575889,PASS,[],[],PASS,"[0.0, 0.0, 0.0, 0.0]",PASS,9999,PASS,THEOS_1_20201230_000000_20210101_000000.CPF,NOT PASS ,"[90, 131, 121, 255]",PASS,9999
TH_CAT_210211071554259_1_2M_ARABIA1_20210209,TH1,MS,2A,NOT PASS ,['QC7Mode'],3.759,PASS,0,PASS,-0.403524,5.575889,PASS,[],[],PASS,"[0.0, 0.0, 0.0, 0.0]",PASS,9999,PASS,THEOS_1_20201230_000000_20210101_000000.CPF,NOT PASS ,"[131, 121, 90, 255]",PASS,9999
TH_CAT_210211071754999_1_1P_ARABIA1_20210209,TH1,PAN,1A,PASS,[],5.626,PASS,0,PASS,-0.378915,5.584107,PASS,[],[],PASS,[0.0],PASS,9999,PASS,THEOS_1_20201230_000000_20210101_000000.CPF,PASS,[142],PASS,9999
TH_CAT_210211071838618_1_2P_ARABIA1_20210209,TH1,PAN,2A,PASS,[],6.625,PASS,0,PASS,-0.378915,5.584107,PASS,[],[],PASS,[0.0],PASS,9999,PASS,THEOS_1_20201230_000000_20210101_000000.CPF,PASS,[142],PASS,9999
TH_CAT_210211072133832_1_1M_MALI1_20210209,TH1,MS,1A,PASS,[],3.007,PASS,0,PASS,-0.03467,-1.061004,PASS,[],[],PASS,"[0.0, 0.0, 0.0, 0.0]",PASS,9999,PASS,THEOS_1_20201230_000000_20210101_000000.CPF,PASS,"[110, 87, 135, 186]",PASS,9999
TH_CAT_210211072243983_1_2M_MALI1_20210209,TH1,MS,2A,PASS,[],3.959,PASS,0,PASS,-0.03467,-1.061004,PASS,[],[],PASS,"[0.0, 0.0, 0.0, 0.0]",PASS,9999,PASS,THEOS_1_20201230_000000_20210101_000000.CPF,PASS,"[87, 110, 186, 135]",PASS,9999
TH_CAT_210211072457136_1_1P_MALI1_20210209,TH1,PAN,1A,PASS,[],6.183,PASS,0,PASS,-0.05917,-1.052774,PASS,[],[],PASS,[0.0],PASS,9999,PASS,THEOS_1_20201230_000000_20210101_000000.CPF,PASS,[104],PASS,9999
TH_CAT_210211072526140_1_2P_MALI1_20210209,TH1,PAN,2A,PASS,[],7.04,PASS,0,PASS,-0.05917,-1.052774,PASS,[],[],PASS,[0.0],PASS,9999,PASS,THEOS_1_20201230_000000_20210101_000000.CPF,PASS,[104],PASS,9999
TH_CAT_210211072836670_1_1M_LIBYA3_20210209,TH1,MS,1A,NOT PASS ,['QC7Mode'],3.016,PASS,0,PASS,-0.672916,9.857812,PASS,[],[],PASS,"[0.0, 0.0, 0.0, 0.0]",PASS,9999,PASS,THEOS_1_20201230_000000_20210101_000000.CPF,NOT PASS ,"[255, 112, 71, 172]",PASS,9999
TH_CAT_210211072906555_1_2M_LIBYA3_20210209,TH1,MS,2A,NOT PASS ,['QC7Mode'],3.767,PASS,0,PASS,-0.672916,9.857812,PASS,[],[],PASS,"[0.0, 0.0, 0.0, 0.0]",PASS,9999,PASS,THEOS_1_20201230_000000_20210101_000000.CPF,NOT PASS ,"[71, 255, 172, 112]",PASS,9999
TH_CAT_210211073130749_1_1P_LIBYA3_20210209,TH1,PAN,1A,PASS,[],5.788,PASS,0,PASS,-0.64816,9.865959,PASS,[],[],PASS,[0.0],PASS,9999,PASS,THEOS_1_20201230_000000_20210101_000000.CPF,PASS,[155],PASS,9999
TH_CAT_210211073201410_1_2P_LIBYA3_20210209,TH1,PAN,2A,PASS,[],6.816,PASS,0,PASS,-0.64816,9.865959,PASS,[],[],PASS,[0.0],PASS,9999,PASS,THEOS_1_20201230_000000_20210101_000000.CPF,PASS,[155],PASS,9999
TH_CAT_210211073711318_1_1M_LIBYA4_20210209,TH1,MS,1A,PASS,[],2.933,PASS,0,PASS,-0.166254,2.168229,PASS,[],[],PASS,"[0.0, 0.0, 0.0, 0.0]",PASS,9999,PASS,THEOS_1_20201230_000000_20210101_000000.CPF,PASS,"[80, 127, 115, 151]",PASS,9999
TH_CAT_210211073754857_1_2M_LIBYA4_20210209,TH1,MS,2A,PASS,[],3.61,PASS,0,PASS,-0.166254,2.168229,PASS,[],[],PASS,"[0.0, 0.0, 0.0, 0.0]",PASS,9999,PASS,THEOS_1_20201230_000000_20210101_000000.CPF,PASS,"[80, 115, 151, 127]",PASS,9999
TH_CAT_210211074033447_1_1P_LIBYA4_20210209,TH1,PAN,1A,PASS,[],5.522,PASS,0,PASS,-0.141666,2.176397,PASS,[],[],PASS,[0.0],PASS,9999,PASS,THEOS_1_20201230_000000_20210101_000000.CPF,PASS,[120],PASS,9999
TH_CAT_210211074103500_1_2P_LIBYA4_20210209,TH1,PAN,2A,PASS,[],6.584,PASS,0,PASS,-0.141666,2.176397,PASS,[],[],PASS,[0.0],PASS,9999,PASS,THEOS_1_20201230_000000_20210101_000000.CPF,PASS,[120],PASS,9999
TH_CAT_210211074354370_1_1M_BARCELONA_20210209,TH1,MS,1A,NOT PASS ,['QC7Mode'],3.022,PASS,0,PASS,-0.197796,3.151314,PASS,[],[],PASS,"[0.0, 0.0, 0.0, 0.0]",PASS,9999,PASS,THEOS_1_20201230_000000_20210101_000000.CPF,NOT PASS ,"[255, 255, 255, 255]",PASS,9999
TH_CAT_210211074435432_1_2M_BARCELONA_20210209,TH1,MS,2A,NOT PASS ,['QC7Mode'],3.787,PASS,0,PASS,-0.197796,3.151314,PASS,[],[],PASS,"[0.0, 0.0, 0.0, 0.0]",PASS,9999,PASS,THEOS_1_20201230_000000_20210101_000000.CPF,NOT PASS ,"[255, 255, 255, 255]",PASS,9999
TH_CAT_210211074703221_1_1P_BARCELONA_20210209,TH1,PAN,1A,PASS,[],6.161,PASS,0,PASS,-0.173168,3.159328,PASS,[],[],PASS,[0.0],PASS,9999,PASS,THEOS_1_20201230_000000_20210101_000000.CPF,PASS,[88],PASS,9999
TH_CAT_210211074742968_1_2P_BARCELONA_20210209,TH1,PAN,2A,PASS,[],7.879,PASS,0,PASS,-0.173168,3.159328,PASS,[],[],PASS,[0.0],PASS,9999,PASS,THEOS_1_20201230_000000_20210101_000000.CPF,PASS,[88],PASS,9999
TH_CAT_21021507175811_1_1M_ALGERIA3_20210211,TH1,MS,1A,PASS,[],3.233,PASS,0,PASS,-0.075655,-1.796316,PASS,[],[],PASS,"[0.0, 0.0, 0.0, 0.0]",PASS,9999,PASS,THEOS_1_20201230_000000_20210101_000000.CPF,PASS,"[83, 127, 111, 186]",PASS,9999
TH_CAT_21021507183193_1_2M_ALGERIA3_20210211,TH1,MS,2A,PASS,[],3.977,PASS,0,PASS,-0.075655,-1.796316,PASS,[],[],PASS,"[0.0, 0.0, 0.0, 0.0]",PASS,9999,PASS,THEOS_1_20201230_000000_20210101_000000.CPF,PASS,"[83, 127, 111, 186]",PASS,9999
TH_CAT_210215071933211_1_1P_ALGERIA3_20210211,TH1,PAN,1A,PASS,[],6.072,PASS,0,PASS,0.100236,-1.78819,PASS,[],[],PASS,[0.0],PASS,9999,PASS,THEOS_1_20201230_000000_20210101_000000.CPF,PASS,[100],PASS,9999
TH_CAT_210215071958338_1_2P_ALGERIA3_20210211,TH1,PAN,2A,PASS,[],7.33,PASS,0,PASS,0.100236,-1.78819,PASS,[],[],PASS,[0.0],PASS,9999,PASS,THEOS_1_20201230_000000_20210101_000000.CPF,PASS,[100],PASS,9999
TH_CAT_210215072212954_1_1M_LOSANGELES_20210212,TH1,MS,1A,NOT PASS ,['QC7Mode'],3.278,PASS,0,PASS,0.081966,-1.976625,PASS,[],[],PASS,"[0.0, 0.0, 0.0, 0.0]",PASS,9999,PASS,THEOS_1_20201230_000000_20210101_000000.CPF,NOT PASS ,"[18, 55, 43, 77]",PASS,9999
TH_CAT_210215072226214_1_2M_LOSANGELES_20210212,TH1,MS,2A,NOT PASS ,['QC7Mode'],3.986,PASS,0,PASS,0.081966,-1.976625,PASS,[],[],PASS,"[0.0, 0.0, 0.0, 0.0]",PASS,9999,PASS,THEOS_1_20201230_000000_20210101_000000.CPF,NOT PASS ,"[18, 55, 43, 78]",PASS,9999
TH_CAT_210215072337961_1_1P_LOSANGELES_20210212,TH1,PAN,1A,NOT PASS ,['QC7Mode'],6.173,PASS,0,PASS,0.105747,-1.968856,PASS,[],[],PASS,[0.0],PASS,9999,PASS,THEOS_1_20201230_000000_20210101_000000.CPF,NOT PASS ,[32],PASS,9999
TH_CAT_210215072350204_1_2P_LOSANGELES_20210212,TH1,PAN,2A,NOT PASS ,['QC7Mode'],7.249,PASS,0,PASS,0.105747,-1.968856,PASS,[],[],PASS,[0.0],PASS,9999,PASS,THEOS_1_20201230_000000_20210101_000000.CPF,NOT PASS ,[32],PASS,9999
TH_CAT_210215072813663_1_1M_LIBYA1_20210212,TH1,MS,1A,PASS,[],2.979,PASS,0,PASS,-0.936788,13.958448,PASS,[],[],PASS,"[0.0, 0.0, 0.0, 0.0]",PASS,9999,PASS,THEOS_1_20201230_000000_20210101_000000.CPF,PASS,"[74, 109, 121, 180]",PASS,9999
TH_CAT_210215072827168_1_2M_LIBYA1_20210212,TH1,MS,2A,PASS,[],3.99,PASS,0,PASS,-0.936788,13.958448,PASS,[],[],PASS,"[0.0, 0.0, 0.0, 0.0]",PASS,9999,PASS,THEOS_1_20201230_000000_20210101_000000.CPF,PASS,"[74, 121, 109, 180]",PASS,9999
TH_CAT_210215072919373_1_1P_LIBYA1_20210212,TH1,PAN,1A,PASS,[],5.207,PASS,0,PASS,-0.911726,13.966592,PASS,[],[],PASS,[0.0],PASS,9999,PASS,THEOS_1_20201230_000000_20210101_000000.CPF,PASS,[102],PASS,9999
TH_CAT_210215072935535_1_2P_LIBYA1_20210212,TH1,PAN,2A,PASS,[],6.9,PASS,0,PASS,-0.911726,13.966592,PASS,[],[],PASS,[0.0],PASS,9999,PASS,THEOS_1_20201230_000000_20210101_000000.CPF,PASS,[102],PASS,9999
TH_CAT_210215073111613_1_1M_NIGER1_20210212,TH1,MS,1A,PASS,[],2.74,PASS,0,PASS,-0.018981,-0.826673,PASS,[],[],PASS,"[0.0, 0.0, 0.0, 0.0]",PASS,9999,PASS,THEOS_1_20201230_000000_20210101_000000.CPF,PASS,"[83, 108, 131, 182]",PASS,9999
TH_CAT_210215073149206_1_2M_NIGER1_20210212,TH1,MS,2A,PASS,[],3.385,PASS,0,PASS,-0.018981,-0.826673,PASS,[],[],PASS,"[0.0, 0.0, 0.0, 0.0]",PASS,9999,PASS,THEOS_1_20201230_000000_20210101_000000.CPF,PASS,"[108, 83, 182, 131]",PASS,9999
TH_CAT_210215073246243_1_1P_NIGER1_20210212,TH1,PAN,1A,PASS,[],5.062,PASS,0,PASS,-0.043434,-0.818629,PASS,[],[],PASS,[0.0],PASS,9999,PASS,THEOS_1_20201230_000000_20210101_000000.CPF,PASS,[100],PASS,9999
TH_CAT_210215073258537_1_2P_NIGER1_20210212,TH1,PAN,2A,PASS,[],5.968,PASS,0,PASS,-0.043434,-0.818629,PASS,[],[],PASS,[0.0],PASS,9999,PASS,THEOS_1_20201230_000000_20210101_000000.CPF,PASS,[100],PASS,9999
TH_CAT_210215073448931_1_1M_MAURITANIA1_20210213,TH1,MS,1A,PASS,[],2.951,PASS,0,PASS,-0.58503,8.281277,PASS,[],[],PASS,"[0.0, 0.0, 0.0, 0.0]",PASS,9999,PASS,THEOS_1_20201230_000000_20210101_000000.CPF,PASS,"[73, 109, 119, 180]",PASS,9999
TH_CAT_21021507350984_1_2M_MAURITANIA1_20210213,TH1,MS,2A,PASS,[],3.736,PASS,0,PASS,-0.58503,8.281277,PASS,[],[],PASS,"[0.0, 0.0, 0.0, 0.0]",PASS,9999,PASS,THEOS_1_20201230_000000_20210101_000000.CPF,PASS,"[73, 109, 119, 179]",PASS,9999
TH_CAT_210215073622561_1_1P_MAURITANIA1_20210213,TH1,PAN,1A,PASS,[],5.778,PASS,0,PASS,-0.560291,8.289523,PASS,[],[],PASS,[0.0],PASS,9999,PASS,THEOS_1_20201230_000000_20210101_000000.CPF,PASS,[137],PASS,9999
TH_CAT_210215073635296_1_2P_MAURITANIA1_20210213,TH1,PAN,2A,PASS,[],7.045,PASS,0,PASS,-0.560291,8.289523,PASS,[],[],PASS,[0.0],PASS,9999,PASS,THEOS_1_20201230_000000_20210101_000000.CPF,PASS,[137],PASS,9999
TH_CAT_210215073834515_1_1M_ARABIA1_20210214,TH1,MS,1A,PASS,[],3.014,PASS,0,PASS,-0.852538,12.223715,PASS,[],[],PASS,"[0.0, 0.0, 0.0, 0.0]",PASS,9999,PASS,THEOS_1_20201230_000000_20210101_000000.CPF,PASS,"[70, 105, 153, 130]",PASS,9999
TH_CAT_210215073846224_1_2M_ARABIA1_20210214,TH1,MS,2A,PASS,[],3.915,PASS,0,PASS,-0.852538,12.223715,PASS,[],[],PASS,"[0.0, 0.0, 0.0, 0.0]",PASS,9999,PASS,THEOS_1_20201230_000000_20210101_000000.CPF,PASS,"[70, 105, 130, 153]",PASS,9999
TH_CAT_210215073936705_1_1P_ARABIA1_20210214,TH1,PAN,1A,PASS,[],5.686,PASS,0,PASS,-0.827414,12.231831,PASS,[],[],PASS,[0.0],PASS,9999,PASS,THEOS_1_20201230_000000_20210101_000000.CPF,PASS,[118],PASS,9999
TH_CAT_210215073955669_1_2P_ARABIA1_20210214,TH1,PAN,2A,PASS,[],7.088,PASS,0,PASS,-0.827414,12.231831,PASS,[],[],PASS,[0.0],PASS,9999,PASS,THEOS_1_20201230_000000_20210101_000000.CPF,PASS,[118],PASS,9999
TH_CAT_21021507413122_1_1M_MALI1_20210214,TH1,MS,1A,PASS,[],3.214,PASS,0,PASS,-0.414601,5.774414,PASS,[],[],PASS,"[0.0, 0.0, 0.0, 0.0]",PASS,9999,PASS,THEOS_1_20201230_000000_20210101_000000.CPF,PASS,"[110, 86, 134, 186]",PASS,9999
TH_CAT_210215074143403_1_2M_MALI1_20210214,TH1,MS,2A,PASS,[],3.744,PASS,0,PASS,-0.414601,5.774414,PASS,[],[],PASS,"[0.0, 0.0, 0.0, 0.0]",PASS,9999,PASS,THEOS_1_20201230_000000_20210101_000000.CPF,PASS,"[110, 134, 86, 186]",PASS,9999
TH_CAT_210215074244729_1_1P_MALI1_20210214,TH1,PAN,1A,PASS,[],5.703,PASS,0,PASS,-0.389961,5.782657,PASS,[],[],PASS,[0.0],PASS,9999,PASS,THEOS_1_20201230_000000_20210101_000000.CPF,PASS,[103],PASS,9999
TH_CAT_210215074300575_1_2P_MALI1_20210214,TH1,PAN,2A,PASS,[],6.959,PASS,0,PASS,-0.389961,5.782657,PASS,[],[],PASS,[0.0],PASS,9999,PASS,THEOS_1_20201230_000000_20210101_000000.CPF,PASS,[103],PASS,9999
TH_CAT_210215074609325_1_1M_LIBYA2_20210214,TH1,MS,1A,PASS,[],3.07,PASS,0,PASS,0.261156,-4.711642,PASS,[],[],PASS,"[0.0, 0.0, 0.0, 0.0]",PASS,9999,PASS,THEOS_1_20201230_000000_20210101_000000.CPF,PASS,"[87, 128, 145, 172]",PASS,9999
TH_CAT_210215074622656_1_2M_LIBYA2_20210214,TH1,MS,2A,PASS,[],3.703,PASS,0,PASS,0.261156,-4.711642,PASS,[],[],PASS,"[0.0, 0.0, 0.0, 0.0]",PASS,9999,PASS,THEOS_1_20201230_000000_20210101_000000.CPF,PASS,"[87, 128, 172, 145]",PASS,9999
TH_CAT_210215074715506_1_1P_LIBYA2_20210214,TH1,PAN,1A,PASS,[],5.403,PASS,0,PASS,0.285611,-4.703563,PASS,[],[],PASS,[0.0],PASS,9999,PASS,THEOS_1_20201230_000000_20210101_000000.CPF,PASS,[97],PASS,9999
TH_CAT_210215074730826_1_2P_LIBYA2_20210214,TH1,PAN,2A,PASS,[],6.563,PASS,0,PASS,0.285611,-4.703563,PASS,[],[],PASS,[0.0],PASS,9999,PASS,THEOS_1_20201230_000000_20210101_000000.CPF,PASS,[97],PASS,9999
TH_CAT_210215074902181_1_1M_LIBYA4_20210214,TH1,MS,1A,PASS,[],3.119,PASS,0,PASS,-0.554571,8.447474,PASS,[],[],PASS,"[0.0, 0.0, 0.0, 0.0]",PASS,9999,PASS,THEOS_1_20201230_000000_20210101_000000.CPF,PASS,"[79, 116, 132, 155]",PASS,9999
TH_CAT_210215074914207_1_2M_LIBYA4_20210214,TH1,MS,2A,PASS,[],3.898,PASS,0,PASS,-0.554571,8.447474,PASS,[],[],PASS,"[0.0, 0.0, 0.0, 0.0]",PASS,9999,PASS,THEOS_1_20201230_000000_20210101_000000.CPF,PASS,"[79, 116, 155, 132]",PASS,9999
TH_CAT_21021507503343_1_1P_LIBYA4_20210214,TH1,PAN,1A,PASS,[],5.723,PASS,0,PASS,-0.529793,8.455614,PASS,[],[],PASS,[0.0],PASS,9999,PASS,THEOS_1_20201230_000000_20210101_000000.CPF,PASS,[123],PASS,9999
TH_CAT_210215075048302_1_2P_LIBYA4_20210214,TH1,PAN,2A,PASS,[],6.849,PASS,0,PASS,-0.529793,8.455614,PASS,[],[],PASS,[0.0],PASS,9999,PASS,THEOS_1_20201230_000000_20210101_000000.CPF,PASS,[123],PASS,9999
TH_CAT_210219061509989_1_1M_SALONPROVENCE_20210215,TH1,MS,1A,NOT PASS ,['QC7Mode'],3.259,PASS,0,PASS,0.279413,-6.163861,PASS,[],[],PASS,"[0.0, 0.0, 0.0, 0.0]",PASS,9999,PASS,THEOS_1_20201230_000000_20210101_000000.CPF,NOT PASS ,"[54, 50, 45, 9]",PASS,9999
TH_CAT_210219061527140_1_2M_SALONPROVENCE_20210215,TH1,MS,2A,NOT PASS ,['QC7Mode'],3.95,PASS,0,PASS,0.279413,-6.163861,PASS,[],[],PASS,"[0.0, 0.0, 0.0, 0.0]",PASS,9999,PASS,THEOS_1_20201230_000000_20210101_000000.CPF,NOT PASS ,"[54, 50, 31, 9]",PASS,9999
TH_CAT_210219061851485_1_1M_ALGERIA5_20210215,TH1,MS,1A,NOT PASS ,['QC7Mode'],3.527,PASS,0,PASS,-0.012939,-0.363349,PASS,[],[],PASS,"[0.0, 0.0, 0.0, 0.0]",PASS,9999,PASS,THEOS_1_20201230_000000_20210101_000000.CPF,NOT PASS ,"[83, 132, 127, 211]",PASS,9999
TH_CAT_210219061923998_1_2M_ALGERIA5_20210215,TH1,MS,2A,NOT PASS ,['QC7Mode'],4.39,PASS,0,PASS,-0.012939,-0.363349,PASS,[],[],PASS,"[0.0, 0.0, 0.0, 0.0]",PASS,9999,PASS,THEOS_1_20201230_000000_20210101_000000.CPF,NOT PASS ,"[83, 132, 128, 211]",PASS,9999
TH_CAT_210219062020323_1_1P_ALGERIA5_20210215,TH1,PAN,1A,PASS,[],6.672,PASS,0,PASS,-0.011647,-0.355501,PASS,[],[],PASS,[0.0],PASS,9999,PASS,THEOS_1_20201230_000000_20210101_000000.CPF,PASS,[110],PASS,9999
TH_CAT_210219062037767_1_2P_ALGERIA5_20210215,TH1,PAN,2A,PASS,[],7.667,PASS,0,PASS,-0.011647,-0.355501,PASS,[],[],PASS,[0.0],PASS,9999,PASS,THEOS_1_20201230_000000_20210101_000000.CPF,PASS,[110],PASS,9999
TH_CAT_210219062359835_1_1M_ALGERIA3_20210216,TH1,MS,1A,NOT PASS ,['QC7Mode'],3.385,PASS,0,PASS,-0.30527,4.441577,PASS,[],[],PASS,"[0.0, 0.0, 0.0, 0.0]",PASS,9999,PASS,THEOS_1_20201230_000000_20210101_000000.CPF,NOT PASS ,"[83, 119, 132, 255]",PASS,9999
TH_CAT_210219062413234_1_2M_ALGERIA3_20210216,TH1,MS,2A,PASS,[],4.059,PASS,0,PASS,-0.30527,4.441577,PASS,[],[],PASS,"[0.0, 0.0, 0.0, 0.0]",PASS,9999,PASS,THEOS_1_20201230_000000_20210101_000000.CPF,PASS,"[83, 119, 132, 195]",PASS,9999
TH_CAT_210219062510493_1_1P_ALGERIA3_20210216,TH1,PAN,1A,PASS,[],5.983,PASS,0,PASS,-0.280675,4.449627,PASS,[],[],PASS,[0.0],PASS,9999,PASS,THEOS_1_20201230_000000_20210101_000000.CPF,PASS,[105],PASS,9999
TH_CAT_210219062524651_1_2P_ALGERIA3_20210216,TH1,PAN,2A,PASS,[],7.241,PASS,0,PASS,-0.280675,4.449627,PASS,[],[],PASS,[0.0],PASS,9999,PASS,THEOS_1_20201230_000000_20210101_000000.CPF,PASS,[105],PASS,9999
TH_CAT_210219062649472_1_1M_PORTSAID_20210216,TH1,MS,1A,NOT PASS ,['QC7Mode'],3.246,PASS,0,PASS,0.080531,-1.892819,PASS,[],[],PASS,"[0.0, 0.0, 0.0, 0.0]",PASS,9999,PASS,THEOS_1_20201230_000000_20210101_000000.CPF,NOT PASS ,"[255, 6, 255, 255]",PASS,9999
TH_CAT_210219062703413_1_2M_PORTSAID_20210216,TH1,MS,2A,NOT PASS ,['QC7Mode'],3.811,PASS,0,PASS,0.080531,-1.892819,PASS,[],[],PASS,"[0.0, 0.0, 0.0, 0.0]",PASS,9999,PASS,THEOS_1_20201230_000000_20210101_000000.CPF,NOT PASS ,"[6, 255, 255, 255]",PASS,9999
TH_CAT_210219062806669_1_1P_PORTSAID_20210216,TH1,PAN,1A,NOT PASS ,['QC7Mode'],5.625,PASS,0,PASS,0.105007,-1.884769,PASS,[],[],PASS,[0.0],PASS,9999,PASS,THEOS_1_20201230_000000_20210101_000000.CPF,NOT PASS ,[15],PASS,9999
TH_CAT_210219062832422_1_2P_PORTSAID_20210216,TH1,PAN,2A,NOT PASS ,['QC7Mode'],6.782,PASS,0,PASS,0.105007,-1.884769,PASS,[],[],PASS,[0.0],PASS,9999,PASS,THEOS_1_20201230_000000_20210101_000000.CPF,NOT PASS ,[15],PASS,9999
TH_CAT_210219063320598_1_1M_PORTSAID_20210217,TH1,MS,1A,NOT PASS ,['QC7Mode'],3.375,PASS,0,PASS,1.906414,-29.605124,PASS,[],[],PASS,"[0.0, 0.0, 0.0, 0.0]",PASS,9999,PASS,THEOS_1_20201230_000000_20210101_000000.CPF,NOT PASS ,"[53, 11, 255, 43]",PASS,9999
TH_CAT_210219063434252_1_1P_PORTSAID_20210217,TH1,PAN,1A,NOT PASS ,['QC7Mode'],5.852,PASS,0,PASS,1.934616,-29.597174,PASS,[],[],PASS,[0.0],PASS,9999,PASS,THEOS_1_20201230_000000_20210101_000000.CPF,NOT PASS ,[27],PASS,9999
TH_CAT_210219063451341_1_2P_PORTSAID_20210217,TH1,PAN,2A,NOT PASS ,['QC7Mode'],9.042,PASS,0,PASS,1.934616,-29.597174,PASS,[],[],PASS,[0.0],PASS,9999,PASS,THEOS_1_20201230_000000_20210101_000000.CPF,NOT PASS ,[27],PASS,9999
TH_CAT_210219063611868_1_1M_NIGER1_20210217,TH1,MS,1A,PASS,[],2.693,PASS,0,PASS,-0.426511,5.977196,PASS,[],[],PASS,"[0.0, 0.0, 0.0, 0.0]",PASS,9999,PASS,THEOS_1_20201230_000000_20210101_000000.CPF,PASS,"[85, 136, 112, 188]",PASS,9999
TH_CAT_210219063624674_1_2M_NIGER1_20210217,TH1,MS,2A,PASS,[],3.307,PASS,0,PASS,-0.426511,5.977196,PASS,[],[],PASS,"[0.0, 0.0, 0.0, 0.0]",PASS,9999,PASS,THEOS_1_20201230_000000_20210101_000000.CPF,PASS,"[85, 112, 136, 188]",PASS,9999
TH_CAT_210219063724810_1_1P_NIGER1_20210217,TH1,PAN,1A,PASS,[],4.835,PASS,0,PASS,-0.401906,5.985414,PASS,[],[],PASS,[0.0],PASS,9999,PASS,THEOS_1_20201230_000000_20210101_000000.CPF,PASS,[104],PASS,9999
TH_CAT_210219063737419_1_2P_NIGER1_20210217,TH1,PAN,2A,PASS,[],6.018,PASS,0,PASS,-0.401906,5.985414,PASS,[],[],PASS,[0.0],PASS,9999,PASS,THEOS_1_20201230_000000_20210101_000000.CPF,PASS,[104],PASS,9999
TH_CAT_210219063932851_1_1M_MAURITANIA1_20210218,TH1,MS,1A,PASS,[],2.817,PASS,0,PASS,-1.026129,14.771804,PASS,[],[],PASS,"[0.0, 0.0, 0.0, 0.0]",PASS,9999,PASS,THEOS_1_20201230_000000_20210101_000000.CPF,PASS,"[123, 105, 84, 178]",PASS,9999
TH_CAT_210219063955970_1_2M_MAURITANIA1_20210218,TH1,MS,2A,PASS,[],3.687,PASS,0,PASS,-1.026129,14.771804,PASS,[],[],PASS,"[0.0, 0.0, 0.0, 0.0]",PASS,9999,PASS,THEOS_1_20201230_000000_20210101_000000.CPF,PASS,"[105, 84, 123, 178]",PASS,9999
TH_CAT_210219064054576_1_1P_MAURITANIA1_20210218,TH1,PAN,1A,PASS,[],5.49,PASS,0,PASS,-1.000562,14.78,PASS,[],[],PASS,[0.0],PASS,9999,PASS,THEOS_1_20201230_000000_20210101_000000.CPF,PASS,[136],PASS,9999
TH_CAT_210219064106159_1_2P_MAURITANIA1_20210218,TH1,PAN,2A,PASS,[],6.982,PASS,0,PASS,-1.000562,14.78,PASS,[],[],PASS,[0.0],PASS,9999,PASS,THEOS_1_20201230_000000_20210101_000000.CPF,PASS,[136],PASS,9999
TH_CAT_210219064237725_1_1M_JOHANNESBURG_20210218,TH1,MS,1A,PASS,[],3.42,PASS,0,PASS,0.159204,-3.244632,PASS,[],[],PASS,"[0.0, 0.0, 0.0, 0.0]",PASS,9999,PASS,THEOS_1_20201230_000000_20210101_000000.CPF,PASS,"[73, 73, 66, 97]",PASS,9999
TH_CAT_210219064340947_1_2M_JOHANNESBURG_20210218,TH1,MS,2A,PASS,[],3.969,PASS,0,PASS,0.159204,-3.244632,PASS,[],[],PASS,"[0.0, 0.0, 0.0, 0.0]",PASS,9999,PASS,THEOS_1_20201230_000000_20210101_000000.CPF,PASS,"[73, 66, 73, 97]",PASS,9999
TH_CAT_210222061525502_1_2P_SALONPROVENCE_20210215,TH1,PAN,2A,PASS,[],7.767,PASS,0,PASS,0.304104,-6.155913,PASS,[],[],PASS,[0.000431739943344782],PASS,9999,PASS,THEOS_1_20201230_000000_20210101_000000.CPF,PASS,[59],PASS,9999
TH_CAT_210222064529471_1_1M_MALI1_20210219,TH1,MS,1A,NOT PASS ,['QC7Mode'],3.066,PASS,0,PASS,-0.862851,12.402721,PASS,[],[],PASS,"[0.0, 0.0, 0.0, 0.0]",PASS,9999,PASS,THEOS_1_20201230_000000_20210101_000000.CPF,NOT PASS ,"[255, 115, 255, 255]",PASS,9999
TH_CAT_210222064545635_1_2M_MALI1_20210219,TH1,MS,2A,NOT PASS ,['QC7Mode'],3.862,PASS,0,PASS,-0.862851,12.402721,PASS,[],[],PASS,"[0.0, 0.0, 0.0, 0.0]",PASS,9999,PASS,THEOS_1_20201230_000000_20210101_000000.CPF,NOT PASS ,"[255, 115, 255, 255]",PASS,9999
TH_CAT_210222064639701_1_1P_MALI1_20210219,TH1,PAN,1A,PASS,[],5.54,PASS,0,PASS,-0.837777,12.41095,PASS,[],[],PASS,[0.0],PASS,9999,PASS,THEOS_1_20201230_000000_20210101_000000.CPF,PASS,[127],PASS,9999
TH_CAT_210222064701681_1_2P_MALI1_20210219,TH1,PAN,2A,PASS,[],7.322,PASS,0,PASS,-0.837777,12.41095,PASS,[],[],PASS,[0.0],PASS,9999,PASS,THEOS_1_20201230_000000_20210101_000000.CPF,PASS,[126],PASS,9999
TH_CAT_210222065001953_1_1M_LIBYA2_20210219,TH1,MS,1A,PASS,[],3.152,PASS,0,PASS,-0.15213,1.845341,PASS,[],[],PASS,"[0.0, 0.0, 0.0, 0.0]",PASS,9999,PASS,THEOS_1_20201230_000000_20210101_000000.CPF,PASS,"[87, 130, 175, 147]",PASS,9999
TH_CAT_210222065018680_1_2M_LIBYA2_20210219,TH1,MS,2A,PASS,[],3.82,PASS,0,PASS,-0.15213,1.845341,PASS,[],[],PASS,"[0.0, 0.0, 0.0, 0.0]",PASS,9999,PASS,THEOS_1_20201230_000000_20210101_000000.CPF,PASS,"[87, 130, 147, 175]",PASS,9999
TH_CAT_210222065115418_1_1P_LIBYA2_20210219,TH1,PAN,1A,PASS,[],5.36,PASS,0,PASS,-0.127652,1.853533,PASS,[],[],PASS,[0.0],PASS,9999,PASS,THEOS_1_20201230_000000_20210101_000000.CPF,PASS,[98],PASS,9999
TH_CAT_210222065148860_1_2P_LIBYA2_20210219,TH1,PAN,2A,PASS,[],6.516,PASS,0,PASS,-0.127652,1.853533,PASS,[],[],PASS,[0.0],PASS,9999,PASS,THEOS_1_20201230_000000_20210101_000000.CPF,PASS,[98],PASS,9999
TH_CAT_210222065412496_1_1M_ALGERIA5_20210220,TH1,MS,1A,NOT PASS ,['QC7Mode'],3.35,PASS,0,PASS,-0.383514,5.813844,PASS,[],[],PASS,"[0.0, 0.0, 0.0, 0.0]",PASS,9999,PASS,THEOS_1_20201230_000000_20210101_000000.CPF,NOT PASS ,"[101, 147, 131, 255]",PASS,9999
TH_CAT_210222065432924_1_2M_ALGERIA5_20210220,TH1,MS,2A,NOT PASS ,['QC7Mode'],3.902,PASS,0,PASS,-0.383514,5.813844,PASS,[],[],PASS,"[0.0, 0.0, 0.0, 0.0]",PASS,9999,PASS,THEOS_1_20201230_000000_20210101_000000.CPF,NOT PASS ,"[101, 131, 255, 147]",PASS,9999
TH_CAT_210222065524603_1_1P_ALGERIA5_20210220,TH1,PAN,1A,PASS,[],5.759,PASS,0,PASS,-0.35891,5.821862,PASS,[],[],PASS,[0.0],PASS,9999,PASS,THEOS_1_20201230_000000_20210101_000000.CPF,PASS,[116],PASS,9999
TH_CAT_210222065541175_1_2P_ALGERIA5_20210220,TH1,PAN,2A,PASS,[],7.105,PASS,0,PASS,-0.35891,5.821862,PASS,[],[],PASS,[0.0],PASS,9999,PASS,THEOS_1_20201230_000000_20210101_000000.CPF,PASS,[116],PASS,9999
TH_CAT_21022206571564_1_1M_SALONPROVENCE_20210220,TH1,MS,1A,NOT PASS ,['QC7Mode'],3.218,PASS,0,PASS,-0.01589,-0.987841,PASS,[],[],PASS,"[0.0, 0.0, 0.0, 0.0]",PASS,9999,PASS,THEOS_1_20201230_000000_20210101_000000.CPF,NOT PASS ,"[255, 255, 255, 255]",PASS,9999
TH_CAT_210222065729259_1_2M_SALONPROVENCE_20210220,TH1,MS,2A,NOT PASS ,['QC7Mode'],4.045,PASS,0,PASS,-0.01589,-0.987841,PASS,[],[],PASS,"[0.0, 0.0, 0.0, 0.0]",PASS,9999,PASS,THEOS_1_20201230_000000_20210101_000000.CPF,NOT PASS ,"[255, 255, 255, 255]",PASS,9999
TH_CAT_210222070053470_1_1M_ALGERIA3_20210221,TH1,MS,1A,NOT PASS ,['QC7Mode'],3.287,PASS,0,PASS,-0.675272,10.530651,PASS,[],[],PASS,"[0.0, 0.0, 0.0, 0.0]",PASS,9999,PASS,THEOS_1_20201230_000000_20210101_000000.CPF,NOT PASS ,"[97, 145, 125, 209]",PASS,9999
TH_CAT_210222070110411_1_2M_ALGERIA3_20210221,TH1,MS,2A,NOT PASS ,['QC7Mode'],4.028,PASS,0,PASS,-0.675272,10.530651,PASS,[],[],PASS,"[0.0, 0.0, 0.0, 0.0]",PASS,9999,PASS,THEOS_1_20201230_000000_20210101_000000.CPF,NOT PASS ,"[97, 125, 145, 210]",PASS,9999
TH_CAT_210222070200818_1_1P_ALGERIA3_20210221,TH1,PAN,1A,PASS,[],5.778,PASS,0,PASS,-0.650252,10.538738,PASS,[],[],PASS,[0.0],PASS,9999,PASS,THEOS_1_20201230_000000_20210101_000000.CPF,PASS,[113],PASS,9999
TH_CAT_210222070214426_1_2P_ALGERIA3_20210221,TH1,PAN,2A,PASS,[],7.254,PASS,0,PASS,-0.650252,10.538738,PASS,[],[],PASS,[0.0],PASS,9999,PASS,THEOS_1_20201230_000000_20210101_000000.CPF,PASS,[113],PASS,9999
TH_CAT_210222070403624_1_1M_PORTSAID_20210221,TH1,MS,1A,NOT PASS ,"['QC1LostLine', 'QC7Mode']",2.929,NOT PASS ,24,PASS,-0.289709,4.274069,PASS,[],[],PASS,"[0.0, 0.0954388355621779, 0.0, 0.0]",PASS,9999,PASS,THEOS_1_20201230_000000_20210101_000000.CPF,NOT PASS ,"[39, 4, 20, 32]",PASS,9999
TH_CAT_210222070421116_1_2M_PORTSAID_20210221,TH1,MS,2A,NOT PASS ,"['QC1LostLine', 'QC7Mode']",3.75,NOT PASS ,24,PASS,-0.289709,4.274069,PASS,[],[],PASS,"[0.09614526369200325, 0.0, 0.0, 0.0]",PASS,9999,PASS,THEOS_1_20201230_000000_20210101_000000.CPF,NOT PASS ,"[4, 32, 39, 20]",PASS,9999
TH_CAT_210222070528656_1_1P_PORTSAID_20210221,TH1,PAN,1A,NOT PASS ,['QC7Mode'],5.291,PASS,0,PASS,-0.265095,4.282207,PASS,[],[],PASS,[1.388888888888889e-06],PASS,9999,PASS,THEOS_1_20201230_000000_20210101_000000.CPF,NOT PASS ,[13],PASS,9999
TH_CAT_210222070544668_1_2P_PORTSAID_20210221,TH1,PAN,2A,NOT PASS ,['QC7Mode'],6.472,PASS,0,PASS,-0.265095,4.282207,PASS,[],[],PASS,[7.839080857897976e-05],PASS,9999,PASS,THEOS_1_20201230_000000_20210101_000000.CPF,NOT PASS ,[13],PASS,9999
TH_CAT_210222070717244_1_1M_TUZGULU2_20210221,TH1,MS,1A,NOT PASS ,['QC7Mode'],3.265,PASS,0,PASS,0.115467,-2.749193,PASS,[],[],PASS,"[2.781950703833528e-06, 0.0, 0.0, 0.0]",PASS,9999,PASS,THEOS_1_20201230_000000_20210101_000000.CPF,NOT PASS ,"[43, 28, 26, 34]",PASS,9999
TH_CAT_21022207073252_1_2M_TUZGULU2_20210221,TH1,MS,2A,NOT PASS ,['QC7Mode'],3.913,PASS,0,PASS,0.115467,-2.749193,PASS,[],[],PASS,"[0.0, 0.0, 5.568070412482099e-06, 0.0]",PASS,9999,PASS,THEOS_1_20201230_000000_20210101_000000.CPF,NOT PASS ,"[26, 28, 43, 34]",PASS,9999
TH_CAT_210222070952780_1_1P_TUZGULU2_20210221,TH1,PAN,1A,NOT PASS ,['QC7Mode'],5.362,PASS,0,PASS,0.140072,-2.741225,PASS,[],[],PASS,[0.0],PASS,9999,PASS,THEOS_1_20201230_000000_20210101_000000.CPF,NOT PASS ,[39],PASS,9999
TH_CAT_210222071006911_1_2P_TUZGULU2_20210221,TH1,PAN,2A,NOT PASS ,['QC7Mode'],6.518,PASS,0,PASS,0.140072,-2.741225,PASS,[],[],PASS,[5.836688876167664e-06],PASS,9999,PASS,THEOS_1_20201230_000000_20210101_000000.CPF,NOT PASS ,[39],PASS,9999
TH_CAT_21022306300540_1_1M_LOSANGELES_20210222,TH1,MS,1A,NOT PASS ,['QC7Mode'],3.123,PASS,0,PASS,-0.610675,9.872883,PASS,[],[],PASS,"[0.0, 2.7821459788100076e-06, 0.0, 0.0]",PASS,9999,PASS,THEOS_1_20201230_000000_20210101_000000.CPF,NOT PASS ,"[31, 5, 51, 18]",PASS,9999
TH_CAT_21022306301941_1_2M_LOSANGELES_20210222,TH1,MS,2A,NOT PASS ,['QC7Mode'],4.04,PASS,0,PASS,-0.610675,9.872883,PASS,[],[],PASS,"[0.0, 2.70581329103606e-06, 0.0, 0.0]",PASS,9999,PASS,THEOS_1_20201230_000000_20210101_000000.CPF,NOT PASS ,"[31, 5, 51, 18]",PASS,9999
TH_CAT_210223063116597_1_1P_LOSANGELES_20210222,TH1,PAN,1A,NOT PASS ,['QC7Mode'],6.187,PASS,0,PASS,-0.587582,9.880567,PASS,[],[],PASS,[0.00047083333333333336],PASS,9999,PASS,THEOS_1_20201230_000000_20210101_000000.CPF,NOT PASS ,[15],PASS,9999
TH_CAT_210223063130429_1_2P_LOSANGELES_20210222,TH1,PAN,2A,NOT PASS ,['QC7Mode'],7.672,PASS,0,PASS,-0.587582,9.880567,PASS,[],[],PASS,[0.005793281578516197],PASS,9999,PASS,THEOS_1_20201230_000000_20210101_000000.CPF,NOT PASS ,[15],PASS,9999
TH_CAT_210223063807554_1_1M_NIGER1_20210222,TH1,MS,1A,PASS,[],2.707,PASS,0,PASS,-0.86899,12.558866,PASS,[],[],PASS,"[0.0, 0.0, 0.0, 0.0]",PASS,9999,PASS,THEOS_1_20201230_000000_20210101_000000.CPF,PASS,"[116, 87, 140, 194]",PASS,9999
TH_CAT_210223063828323_1_2M_NIGER1_20210222,TH1,MS,2A,PASS,[],3.555,PASS,0,PASS,-0.86899,12.558866,PASS,[],[],PASS,"[0.0, 0.0, 0.0, 0.0]",PASS,9999,PASS,THEOS_1_20201230_000000_20210101_000000.CPF,PASS,"[116, 87, 140, 194]",PASS,9999
TH_CAT_210223063933162_1_1P_NIGER1_20210222,TH1,PAN,1A,PASS,[],4.973,PASS,0,PASS,-0.843896,12.567078,PASS,[],[],PASS,[0.0],PASS,9999,PASS,THEOS_1_20201230_000000_20210101_000000.CPF,PASS,[107],PASS,9999
TH_CAT_210223063954420_1_2P_NIGER1_20210222,TH1,PAN,2A,PASS,[],6.381,PASS,0,PASS,-0.843896,12.567078,PASS,[],[],PASS,[0.0],PASS,9999,PASS,THEOS_1_20201230_000000_20210101_000000.CPF,PASS,[107],PASS,9999
TH_CAT_210223074507322_1_1M_GOBI_20210223,TH1,MS,1A,NOT PASS ,['QC7Mode'],3.256,PASS,0,PASS,5.100573,-2.388331,PASS,[],[],PASS,"[0.0, 0.0, 0.0, 0.0]",PASS,9999,PASS,THEOS_1_20201230_000000_20210101_000000.CPF,NOT PASS ,"[99, 100, 109, 255]",PASS,9999
TH_CAT_210223074523456_1_2M_GOBI_20210223,TH1,MS,2A,NOT PASS ,['QC7Mode'],3.743,PASS,0,PASS,5.100573,-2.388331,PASS,[],[],PASS,"[0.0, 0.0, 0.0, 0.0]",PASS,9999,PASS,THEOS_1_20201230_000000_20210101_000000.CPF,NOT PASS ,"[99, 100, 255, 109]",PASS,9999
TH_CAT_210223074625516_1_1P_GOBI_20210223,TH1,PAN,1A,PASS,[],6.562,PASS,0,PASS,5.125481,-2.380489,PASS,[],[],PASS,[0.0],PASS,9999,PASS,THEOS_1_20201230_000000_20210101_000000.CPF,PASS,[156],PASS,9999
TH_CAT_210223074646741_1_2P_GOBI_20210223,TH1,PAN,2A,PASS,[],7.416,PASS,0,PASS,5.125481,-2.380489,PASS,[],[],PASS,[0.0],PASS,9999,PASS,THEOS_1_20201230_000000_20210101_000000.CPF,PASS,[156],PASS,9999
TH_CAT_210224064146868_1_1M_MAURITANIA1_20210223,TH1,MS,1A,PASS,[],2.92,PASS,0,PASS,-1.464185,20.810668,PASS,[],[],PASS,"[0.0, 0.0, 0.0, 0.0]",PASS,9999,PASS,THEOS_1_20201230_000000_20210101_000000.CPF,PASS,"[80, 128, 113, 190]",PASS,9999
TH_CAT_210224064205617_1_2M_MAURITANIA1_20210223,TH1,MS,2A,PASS,[],4.167,PASS,0,PASS,-1.464185,20.810668,PASS,[],[],PASS,"[0.0, 0.0, 0.0, 0.0]",PASS,9999,PASS,THEOS_1_20201230_000000_20210101_000000.CPF,PASS,"[113, 80, 190, 128]",PASS,9999
TH_CAT_210224064339988_1_1P_MAURITANIA1_20210223,TH1,PAN,1A,PASS,[],5.665,PASS,0,PASS,-1.438055,20.818827,PASS,[],[],PASS,[0.0],PASS,9999,PASS,THEOS_1_20201230_000000_20210101_000000.CPF,PASS,[144],PASS,9999
TH_CAT_210224064403851_1_2P_MAURITANIA1_20210223,TH1,PAN,2A,PASS,[],8.079,PASS,0,PASS,-1.438055,20.818827,PASS,[],[],PASS,[0.0],PASS,9999,PASS,THEOS_1_20201230_000000_20210101_000000.CPF,PASS,[144],PASS,9999
TH_CAT_21022506454021_1_1M_MAURITANIA2_20210224,TH1,MS,1A,PASS,[],2.89,PASS,0,PASS,0.689826,-11.103777,PASS,[],[],PASS,"[0.0, 0.0, 0.0, 0.0]",PASS,9999,PASS,THEOS_1_20201230_000000_20210101_000000.CPF,PASS,"[77, 140, 114, 165]",PASS,9999
TH_CAT_210225064555562_1_2M_MAURITANIA2_20210224,TH1,MS,2A,PASS,[],3.688,PASS,0,PASS,0.689826,-11.103777,PASS,[],[],PASS,"[0.0, 0.0, 0.0, 0.0]",PASS,9999,PASS,THEOS_1_20201230_000000_20210101_000000.CPF,PASS,"[114, 77, 140, 165]",PASS,9999
TH_CAT_210225064704773_1_1P_MAURITANIA2_20210224,TH1,PAN,1A,PASS,[],5.506,PASS,0,PASS,0.714899,-11.095613,PASS,[],[],PASS,[0.0],PASS,9999,PASS,THEOS_1_20201230_000000_20210101_000000.CPF,PASS,[127],PASS,9999
TH_CAT_21022506472206_1_2P_MAURITANIA2_20210224,TH1,PAN,2A,PASS,[],6.822,PASS,0,PASS,0.714899,-11.095613,PASS,[],[],PASS,[0.0],PASS,9999,PASS,THEOS_1_20201230_000000_20210101_000000.CPF,PASS,[128],PASS,9999
TH_CAT_210225071239405_1_1M_SANTIAGO_20210224,TH1,MS,1A,NOT PASS ,['QC7Mode'],3.756,PASS,0,PASS,-0.118406,1.397839,PASS,[],[],PASS,"[0.0, 0.0, 0.0, 0.0]",PASS,9999,PASS,THEOS_1_20201230_000000_20210101_000000.CPF,NOT PASS ,"[50, 49, 45, 77]",PASS,9999
TH_CAT_210225071351881_1_2M_SANTIAGO_20210224,TH1,MS,2A,NOT PASS ,['QC7Mode'],4.337,PASS,0,PASS,-0.118406,1.397839,PASS,[],[],PASS,"[0.0, 0.0, 0.0, 0.0]",PASS,9999,PASS,THEOS_1_20201230_000000_20210101_000000.CPF,NOT PASS ,"[50, 49, 45, 76]",PASS,9999
TH_CAT_21022507273494_1_1M_LIBYA2_20210224,TH1,MS,1A,PASS,[],3.399,PASS,0,PASS,-0.563111,8.324581,PASS,[],[],PASS,"[0.0, 0.0, 0.0, 0.0]",PASS,9999,PASS,THEOS_1_20201230_000000_20210101_000000.CPF,PASS,"[88, 134, 152, 181]",PASS,9999
TH_CAT_210225072759479_1_2M_LIBYA2_20210224,TH1,MS,2A,PASS,[],3.888,PASS,0,PASS,-0.563111,8.324581,PASS,[],[],PASS,"[0.0, 0.0, 0.0, 0.0]",PASS,9999,PASS,THEOS_1_20201230_000000_20210101_000000.CPF,PASS,"[88, 134, 152, 181]",PASS,9999
TH_CAT_210225073006930_1_1P_LIBYA2_20210224,TH1,PAN,1A,PASS,[],5.561,PASS,0,PASS,-0.538307,8.332763,PASS,[],[],PASS,[0.0],PASS,9999,PASS,THEOS_1_20201230_000000_20210101_000000.CPF,PASS,[102],PASS,9999
TH_CAT_210225073026759_1_2P_LIBYA2_20210224,TH1,PAN,2A,PASS,[],6.904,PASS,0,PASS,-0.538307,8.332763,PASS,[],[],PASS,[0.0],PASS,9999,PASS,THEOS_1_20201230_000000_20210101_000000.CPF,PASS,[102],PASS,9999
TH_CAT_210301070133431_1_1M_ALGERIA5_20210225,TH1,MS,1A,NOT PASS ,['QC7Mode'],3.589,PASS,0,PASS,-0.748743,11.805355,PASS,[],[],PASS,"[0.0, 0.0, 0.0, 0.0]",PASS,9999,PASS,THEOS_1_20201230_000000_20210101_000000.CPF,NOT PASS ,"[88, 140, 134, 255]",PASS,9999
TH_CAT_21030107015285_1_2M_ALGERIA5_20210225,TH1,MS,2A,NOT PASS ,['QC7Mode'],4.394,PASS,0,PASS,-0.748743,11.805355,PASS,[],[],PASS,"[0.0, 0.0, 0.0, 0.0]",PASS,9999,PASS,THEOS_1_20201230_000000_20210101_000000.CPF,NOT PASS ,"[88, 134, 140, 224]",PASS,9999
TH_CAT_210301070246860_1_1P_ALGERIA5_20210225,TH1,PAN,1A,PASS,[],6.722,PASS,0,PASS,-0.723647,11.813434,PASS,[],[],PASS,[0.0],PASS,9999,PASS,THEOS_1_20201230_000000_20210101_000000.CPF,PASS,[117],PASS,9999
TH_CAT_210301070301317_1_2P_ALGERIA5_20210225,TH1,PAN,2A,PASS,[],8.15,PASS,0,PASS,-0.723647,11.813434,PASS,[],[],PASS,[0.0],PASS,9999,PASS,THEOS_1_20201230_000000_20210101_000000.CPF,PASS,[117],PASS,9999
TH_CAT_210301070504918_1_1M_SALONPROVENCE_20210225,TH1,MS,1A,NOT PASS ,['QC7Mode'],3.905,PASS,0,PASS,-0.245305,4.192081,PASS,[],[],PASS,"[0.0, 0.0, 0.0, 0.0]",PASS,9999,PASS,THEOS_1_20201230_000000_20210101_000000.CPF,NOT PASS ,"[255, 255, 255, 255]",PASS,9999
TH_CAT_21030107052111_1_2M_SALONPROVENCE_20210225,TH1,MS,2A,NOT PASS ,['QC7Mode'],4.415,PASS,0,PASS,-0.245305,4.192081,PASS,[],[],PASS,"[0.0, 0.0, 0.0, 0.0]",PASS,9999,PASS,THEOS_1_20201230_000000_20210101_000000.CPF,NOT PASS ,"[255, 255, 255, 255]",PASS,9999
TH_CAT_210301070619917_1_1P_SALONPROVENCE_20210225,TH1,PAN,1A,NOT PASS ,['QC7Mode'],5.632,PASS,0,PASS,-0.220822,4.199893,PASS,[],[],PASS,[0.0],PASS,9999,PASS,THEOS_1_20201230_000000_20210101_000000.CPF,NOT PASS ,[255],PASS,9999
TH_CAT_210301070637417_1_2P_SALONPROVENCE_20210225,TH1,PAN,2A,NOT PASS ,['QC7Mode'],6.728,PASS,0,PASS,-0.220822,4.199893,PASS,[],[],PASS,[7.240248308659895e-07],PASS,9999,PASS,THEOS_1_20201230_000000_20210101_000000.CPF,NOT PASS ,[255],PASS,9999
TH_CAT_210301070818394_1_1M_LIBYA3_20210225,TH1,MS,1A,PASS,[],2.822,PASS,0,PASS,0.200505,-3.699745,PASS,[],[],PASS,"[0.0, 0.0, 0.0, 0.0]",PASS,9999,PASS,THEOS_1_20201230_000000_20210101_000000.CPF,PASS,"[112, 71, 172, 149]",PASS,9999
TH_CAT_210301070837246_1_2M_LIBYA3_20210225,TH1,MS,2A,PASS,[],3.474,PASS,0,PASS,0.200505,-3.699745,PASS,[],[],PASS,"[0.0, 0.0, 0.0, 0.0]",PASS,9999,PASS,THEOS_1_20201230_000000_20210101_000000.CPF,PASS,"[71, 149, 112, 172]",PASS,9999
TH_CAT_210301071008257_1_1P_LIBYA3_20210225,TH1,PAN,1A,PASS,[],5.65,PASS,0,PASS,0.225048,-3.691587,PASS,[],[],PASS,[0.0],PASS,9999,PASS,THEOS_1_20201230_000000_20210101_000000.CPF,PASS,[133],PASS,9999
TH_CAT_21030107102628_1_2P_LIBYA3_20210225,TH1,PAN,2A,PASS,[],6.619,PASS,0,PASS,0.225048,-3.691587,PASS,[],[],PASS,[0.0],PASS,9999,PASS,THEOS_1_20201230_000000_20210101_000000.CPF,PASS,[133],PASS,9999
TH_CAT_210301071226129_1_1M_PORTSAID_20210226,TH1,MS,1A,NOT PASS ,['QC7Mode'],3.261,PASS,0,PASS,-0.65473,10.307674,PASS,[],[],PASS,"[0.0, 0.0, 0.0, 0.0]",PASS,9999,PASS,THEOS_1_20201230_000000_20210101_000000.CPF,NOT PASS ,"[45, 44, 6, 25]",PASS,9999
TH_CAT_210301071241127_1_2M_PORTSAID_20210226,TH1,MS,2A,NOT PASS ,['QC7Mode'],4.413,PASS,0,PASS,-0.65473,10.307674,PASS,[],[],PASS,"[0.0, 0.0, 0.0, 0.0]",PASS,9999,PASS,THEOS_1_20201230_000000_20210101_000000.CPF,NOT PASS ,"[45, 44, 25, 6]",PASS,9999
TH_CAT_210301071346241_1_1P_PORTSAID_20210226,TH1,PAN,1A,NOT PASS ,['QC7Mode'],6.39,PASS,0,PASS,-0.629631,10.315767,PASS,[],[],PASS,[0.0],PASS,9999,PASS,THEOS_1_20201230_000000_20210101_000000.CPF,NOT PASS ,[21],PASS,9999
TH_CAT_210301071401638_1_2P_PORTSAID_20210226,TH1,PAN,2A,NOT PASS ,['QC7Mode'],7.604,PASS,0,PASS,-0.629631,10.315767,PASS,[],[],PASS,[0.0],PASS,9999,PASS,THEOS_1_20201230_000000_20210101_000000.CPF,NOT PASS ,[21],PASS,9999
TH_CAT_210301071545295_1_1M_TUZGULU2_20210226,TH1,MS,1A,NOT PASS ,['QC7Mode'],3.09,PASS,0,PASS,-0.18908,2.855841,PASS,[],[],PASS,"[0.0, 0.0, 0.0, 5.563901407667056e-06]",PASS,9999,PASS,THEOS_1_20201230_000000_20210101_000000.CPF,NOT PASS ,"[20, 25, 20, 40]",PASS,9999
TH_CAT_210301071603845_1_2M_TUZGULU2_20210226,TH1,MS,2A,NOT PASS ,['QC7Mode'],4.176,PASS,0,PASS,-0.18908,2.855841,PASS,[],[],PASS,"[0.0, 0.0, 0.0, 1.3911074347542096e-05]",PASS,9999,PASS,THEOS_1_20201230_000000_20210101_000000.CPF,NOT PASS ,"[20, 20, 24, 40]",PASS,9999
TH_CAT_210301071703304_1_1P_TUZGULU2_20210226,TH1,PAN,1A,NOT PASS ,['QC7Mode'],5.198,PASS,0,PASS,-0.164704,2.86382,PASS,[],[],PASS,[6.944444444444445e-07],PASS,9999,PASS,THEOS_1_20201230_000000_20210101_000000.CPF,NOT PASS ,[48],PASS,9999
TH_CAT_210301071719592_1_2P_TUZGULU2_20210226,TH1,PAN,2A,NOT PASS ,['QC7Mode'],6.71,PASS,0,PASS,-0.164704,2.86382,PASS,[],[],PASS,[2.91555493823539e-06],PASS,9999,PASS,THEOS_1_20201230_000000_20210101_000000.CPF,NOT PASS ,[48],PASS,9999
TH_CAT_210301072256543_1_1M_GOBI_20210228,TH1,MS,1A,PASS,[],3.325,PASS,0,PASS,4.805825,3.120771,PASS,[],[],PASS,"[0.0, 0.0, 0.0, 0.0]",PASS,9999,PASS,THEOS_1_20201230_000000_20210101_000000.CPF,PASS,"[116, 127, 136, 151]",PASS,9999
TH_CAT_210301072314343_1_2M_GOBI_20210228,TH1,MS,2A,PASS,[],3.904,PASS,0,PASS,4.805825,3.120771,PASS,[],[],PASS,"[0.0, 0.0, 0.0, 0.0]",PASS,9999,PASS,THEOS_1_20201230_000000_20210101_000000.CPF,PASS,"[116, 136, 127, 151]",PASS,9999
TH_CAT_210301072426471_1_1P_GOBI_20210228,TH1,PAN,1A,PASS,[],6.551,PASS,0,PASS,4.830609,3.128932,PASS,[],[],PASS,[0.0],PASS,9999,PASS,THEOS_1_20201230_000000_20210101_000000.CPF,PASS,[169],PASS,9999
TH_CAT_210301072445847_1_2P_GOBI_20210228,TH1,PAN,2A,PASS,[],7.54,PASS,0,PASS,4.830609,3.128932,PASS,[],[],PASS,[0.0],PASS,9999,PASS,THEOS_1_20201230_000000_20210101_000000.CPF,PASS,[169],PASS,9999
TH_CAT_21030107263059_1_1M_LIBYA1_20210228,TH1,MS,1A,PASS,[],3.028,PASS,0,PASS,-0.087734,0.790789,PASS,[],[],PASS,"[0.0, 0.0, 0.0, 0.0]",PASS,9999,PASS,THEOS_1_20201230_000000_20210101_000000.CPF,PASS,"[114, 128, 78, 190]",PASS,9999
TH_CAT_210301072648210_1_2M_LIBYA1_20210228,TH1,MS,2A,PASS,[],3.734,PASS,0,PASS,-0.087734,0.790789,PASS,[],[],PASS,"[0.0, 0.0, 0.0, 0.0]",PASS,9999,PASS,THEOS_1_20201230_000000_20210101_000000.CPF,PASS,"[78, 128, 114, 190]",PASS,9999
TH_CAT_210301072746719_1_1P_LIBYA1_20210228,TH1,PAN,1A,PASS,[],5.174,PASS,0,PASS,-0.063168,0.798953,PASS,[],[],PASS,[0.0],PASS,9999,PASS,THEOS_1_20201230_000000_20210101_000000.CPF,PASS,[105],PASS,9999
TH_CAT_210301072804285_1_2P_LIBYA1_20210228,TH1,PAN,2A,PASS,[],6.33,PASS,0,PASS,-0.063168,0.798953,PASS,[],[],PASS,[0.0],PASS,9999,PASS,THEOS_1_20201230_000000_20210101_000000.CPF,PASS,[105],PASS,9999
